##################### Startup Complete ######################{"device_name": "ECE362CarTeam07",#  "pid": [0.405000,0.070000,0.000000]#}#{"csv": "time (ms), bus_voltage (mV), shunt_voltage (V), load_voltage (V), total_current (mA), power (mW), arrowX
9540, 8.228, 37.470, 8.265, 372.600, 3064.000, 1.788, 1073494928
9611, 8.228, 37.540, 8.266, 371.500, 3054.000, 1.788, 1073494928
9683, 8.052, 86.150, 8.138, 866.500, 6970.000, 1.788, 1073494928
9755, 7.760, 169.700, 7.930, 1709.400, 13232.000, 1.788, 1073494928
9827, 8.024, 96.310, 8.120, 964.700, 7734.000, 1.788, 1073494928
9899, 8.044, 85.140, 8.129, 919.800, 7396.000, 1.788, 1073494928
9971, 8.040, 88.530, 8.129, 884.100, 7110.000, 1.788, 1073494928
10043, 8.056, 81.800, 8.138, 859.100, 6930.000, 1.788, 1073494928
10115, 8.056, 84.550, 8.141, 850.800, 6858.000, 1.788, 1073494928
10187, 8.060, 85.390, 8.145, 842.100, 6910.000, 1.788, 1073494928
10259, 8.060, 82.430, 8.142, 835.900, 6730.000, 1.788, 1073494928
10331, 8.076, 82.390, 8.158, 824.200, 6622.000, 1.788, 1073494928
10403, 8.072, 79.430, 8.151, 813.300, 6468.000, 1.788, 1073494928
10475, 8.068, 82.310, 8.150, 808.000, 6484.000, 1.788, 1073494928
10547, 8.068, 76.780, 8.145, 817.700, 6610.000, 1.788, 1073494928
10619, 8.088, 77.560, 8.166, 780.900, 6556.000, 1.788, 1073494928
10691, 8.088, 79.770, 8.168, 787.500, 6390.000, 1.788, 1073494928
10763, 8.084, 75.580, 8.160, 830.900, 6432.000, 1.788, 1073494928
10835, 8.084, 76.850, 8.161, 779.600, 6278.000, 1.788, 1073494928
10907, 8.088, 80.420, 8.168, 796.700, 6512.000, 1.788, 1073494928
10979, 8.076, 76.170, 8.152, 784.700, 6102.000, 1.788, 1073494928
11051, 8.076, 77.080, 8.153, 781.200, 6348.000, 1.788, 1073494928
11123, 8.088, 80.240, 8.168, 742.400, 6248.000, 1.788, 1073494928
11195, 8.088, 73.770, 8.162, 774.100, 6124.000, 1.788, 1073494928
11267, 8.080, 77.590, 8.158, 794.500, 5994.000, 1.788, 1073494928
11339, 8.092, 74.670, 8.167, 758.800, 6072.000, 1.788, 1073494928
11411, 8.088, 74.280, 8.162, 744.700, 6140.000, 1.788, 1073494928
11483, 8.084, 76.860, 8.161, 758.400, 5990.000, 1.788, 1073494928
11555, 8.080, 75.890, 8.156, 748.400, 5986.000, 1.788, 1073494928
11627, 8.092, 74.180, 8.166, 767.200, 6114.000, 1.788, 1073494928
11699, 8.084, 76.520, 8.161, 757.100, 6052.000, 1.788, 1073494928
11771, 8.092, 74.840, 8.167, 753.700, 6190.000, 1.788, 1073494928
11844, 8.096, 74.560, 8.171, 758.400, 6194.000, 1.788, 1073494928
11915, 8.084, 73.680, 8.158, 762.700, 6068.000, 1.788, 1073494928
11987, 8.088, 76.260, 8.164, 765.500, 6216.000, 1.788, 1073494928
12059, 8.096, 74.590, 8.171, 747.300, 6160.000, 1.788, 1073494928
12131, 8.088, 76.210, 8.164, 778.200, 6216.000, 1.788, 1073494928
12203, 8.092, 75.190, 8.167, 729.800, 6176.000, 1.788, 1073494928
12275, 8.096, 73.770, 8.170, 771.700, 6016.000, 1.788, 1073494928
12347, 8.088, 75.820, 8.164, 731.300, 6196.000, 1.788, 1073494928
12419, 8.080, 75.870, 8.156, 752.100, 6180.000, 1.788, 1073494928
12491, 8.096, 73.910, 8.170, 764.400, 6032.000, 1.788, 1073494928
12563, 8.088, 76.320, 8.164, 768.700, 6204.000, 1.788, 1073494928
12635, 8.084, 76.550, 8.161, 753.900, 6102.000, 1.788, 1073494928
12707, 8.092, 76.620, 8.169, 765.500, 6196.000, 1.788, 1073494928
12779, 8.080, 73.260, 8.153, 726.600, 5876.000, 1.788, 1073494928
12851, 8.084, 76.030, 8.160, 774.800, 6268.000, 1.788, 1073494928
12924, 8.092, 74.120, 8.166, 739.600, 5984.000, 1.788, 1073494928
12995, 8.088, 72.270, 8.160, 742.400, 6004.000, 1.788, 1073494928
13067, 8.084, 77.380, 8.161, 756.000, 6108.000, 1.788, 1073494928
13139, 8.132, 60.020, 8.192, 612.200, 4980.000, 1.788, 1073494928
13211, 8.132, 61.450, 8.193, 631.800, 5142.000, 1.788, 1073494928
13283, 8.140, 59.230, 8.199, 588.600, 4788.000, 1.788, 1073494928
13355, 8.100, 68.320, 8.168, 725.300, 5872.000, 1.788, 1073494928
13427, 8.108, 72.140, 8.180, 723.800, 5860.000, 1.788, 1073494928
13499, 8.124, 65.740, 8.190, 665.700, 5404.000, 1.788, 1073494928
13571, 8.068, 77.280, 8.145, 811.900, 6548.000, 1.788, 1073494928
13643, 8.064, 81.180, 8.145, 818.300, 6596.000, 1.788, 1073494928
13715, 8.072, 79.020, 8.151, 809.200, 6530.000, 1.788, 1073494928
13787, 8.008, 97.410, 8.105, 996.800, 7986.000, 1.788, 1073494928
13860, 7.996, 97.800, 8.094, 993.800, 7960.000, 1.788, 1073494928
13931, 8.104, 69.840, 8.174, 700.500, 5686.000, 1.788, 1073494928
14003, 8.124, 67.540, 8.192, 671.300, 5446.000, 1.788, 1073494928
14075, 8.112, 66.770, 8.179, 654.800, 5316.000, 1.788, 1073494928
14147, 8.120, 64.660, 8.185, 684.500, 5560.000, 1.788, 1073494928
14219, 8.104, 69.400, 8.173, 691.400, 5604.000, 1.788, 1073494928
14291, 8.104, 68.640, 8.173, 701.400, 5686.000, 1.788, 1073494928
14364, 8.108, 67.720, 8.176, 678.300, 5498.000, 1.788, 1073494928
14435, 8.104, 72.100, 8.176, 712.200, 5770.000, 1.788, 1073494928
14507, 8.112, 69.550, 8.182, 696.000, 5640.000, 1.788, 1073494928
14579, 8.108, 66.000, 8.174, 702.900, 5698.000, 1.788, 1073494928
14651, 8.108, 67.630, 8.176, 699.700, 5662.000, 1.788, 1073494928
14723, 8.104, 68.880, 8.173, 713.100, 5778.000, 1.788, 1073494928
14795, 8.116, 69.710, 8.186, 699.300, 5666.000, 1.788, 1073494928
14867, 8.104, 70.650, 8.175, 682.200, 5524.000, 1.788, 1073494928
14939, 8.108, 70.030, 8.178, 704.600, 5708.000, 1.788, 1073494928
15011, 8.104, 67.460, 8.171, 706.400, 5724.000, 1.788, 1073494928
15083, 8.112, 64.860, 8.177, 666.600, 5406.000, 1.788, 1073494928
15155, 8.112, 68.140, 8.180, 680.800, 5522.000, 1.788, 1073494928
15227, 8.116, 67.550, 8.184, 691.800, 5606.000, 1.788, 1073494928
15299, 8.108, 68.530, 8.177, 675.400, 5472.000, 1.788, 1073494928
15371, 8.040, 85.660, 8.126, 850.000, 6842.000, 1.788, 1073494928
15443, 8.048, 85.940, 8.134, 839.400, 6764.000, 1.788, 1073494928
15515, 8.064, 84.310, 8.148, 827.500, 6668.000, 1.788, 1073494928
15587, 8.068, 83.810, 8.152, 810.000, 6524.000, 1.788, 1073494928
15659, 8.076, 79.920, 8.156, 812.800, 6550.000, 1.788, 1073494928
15731, 8.056, 82.490, 8.138, 834.300, 6728.000, 1.788, 1073494928
15803, 8.076, 76.050, 8.152, 769.500, 6212.000, 1.788, 1073494928
15875, 8.076, 76.750, 8.153, 788.300, 6374.000, 1.788, 1073494928
15947, 8.072, 77.860, 8.150, 771.600, 6230.000, 1.788, 1073494928
16019, 8.088, 77.790, 8.166, 790.300, 6376.000, 1.788, 1073494928
16091, 8.092, 79.160, 8.171, 776.200, 6266.000, 1.788, 1073494928
16163, 8.076, 78.540, 8.155, 778.000, 6282.000, 1.788, 1073494928
16235, 8.076, 76.580, 8.153, 775.800, 6266.000, 1.788, 1073494928
16307, 8.068, 76.300, 8.144, 758.200, 6122.000, 1.788, 1073494928
16379, 8.128, 63.230, 8.191, 632.900, 5144.000, 1.788, 1073494928
16451, 8.132, 62.920, 8.195, 633.500, 5152.000, 1.788, 1073494928
16523, 8.136, 62.410, 8.198, 637.200, 5174.000, 1.788, 1073494928
16595, 8.124, 61.700, 8.186, 618.700, 5020.000, 1.788, 1073494928
16667, 8.116, 64.400, 8.180, 635.700, 5168.000, 1.788, 1073494928
16739, 8.116, 61.520, 8.178, 649.500, 5270.000, 1.788, 1073494928
16811, 8.116, 66.180, 8.182, 665.000, 5390.000, 1.788, 1073494928
16883, 8.108, 67.610, 8.176, 672.200, 5450.000, 1.788, 1073494928
16955, 8.112, 67.630, 8.180, 670.800, 5446.000, 1.788, 1073494928
17027, 8.112, 66.160, 8.178, 674.100, 5472.000, 1.788, 1073494928
17099, 8.108, 65.740, 8.174, 685.200, 5554.000, 1.788, 1073494928
17171, 8.112, 67.060, 8.179, 668.700, 5424.000, 1.788, 1073494928
17243, 8.060, 82.770, 8.143, 846.800, 6816.000, 1.788, 1073494928
17315, 8.076, 82.140, 8.158, 831.900, 6712.000, 1.788, 1073494928
17387, 8.068, 83.450, 8.151, 824.500, 6642.000, 1.788, 1073494928
17459, 8.116, 61.010, 8.177, 630.200, 5118.000, 1.788, 1073494928
17531, 8.060, 82.380, 8.142, 824.800, 6662.000, 1.788, 1073494928
17603, 8.128, 64.210, 8.192, 650.500, 5286.000, 1.788, 1073494928
17675, 8.068, 83.740, 8.152, 796.400, 6420.000, 1.788, 1073494928
17747, 8.072, 76.510, 8.149, 768.200, 6200.000, 1.788, 1073494928
17819, 8.080, 79.290, 8.159, 814.400, 6560.000, 1.788, 1073494928
17891, 8.076, 74.940, 8.151, 788.500, 6360.000, 1.788, 1073494928
17963, 8.080, 77.320, 8.157, 761.300, 6144.000, 1.788, 1073494928
18035, 8.084, 74.890, 8.159, 732.600, 5928.000, 1.788, 1073494928
18107, 8.072, 78.640, 8.151, 747.600, 6046.000, 1.788, 1073494928
18179, 8.080, 74.460, 8.154, 764.000, 6164.000, 1.788, 1073494928
18251, 8.080, 78.220, 8.158, 747.200, 6036.000, 1.788, 1073494928
18323, 8.124, 62.230, 8.186, 626.200, 5086.000, 1.788, 1073494928
18395, 8.128, 62.740, 8.191, 632.200, 5138.000, 1.788, 1073494928
18467, 8.120, 63.190, 8.183, 625.600, 5080.000, 1.788, 1073494928
18539, 8.116, 65.740, 8.182, 671.300, 5450.000, 1.788, 1073494928
18611, 8.124, 63.930, 8.188, 648.400, 5266.000, 1.788, 1073494928
18683, 8.116, 62.220, 8.178, 635.500, 5164.000, 1.788, 1073494928
18755, 8.116, 65.360, 8.181, 658.400, 5344.000, 1.788, 1073494928
18827, 8.112, 66.030, 8.178, 666.800, 5406.000, 1.788, 1073494928
18899, 8.108, 69.330, 8.177, 682.100, 5528.000, 1.788, 1073494928
18971, 8.116, 66.350, 8.182, 664.100, 5388.000, 1.788, 1073494928
19043, 8.104, 67.790, 8.172, 671.000, 5442.000, 1.788, 1073494928
19115, 8.116, 66.810, 8.183, 667.800, 5416.000, 1.788, 1073494928
19187, 8.112, 66.690, 8.179, 642.000, 5206.000, 1.788, 1073494928
19259, 8.104, 68.750, 8.173, 703.200, 5696.000, 1.788, 1073494928
19331, 8.112, 66.420, 8.178, 676.000, 5482.000, 1.788, 1073494928
19403, 8.112, 66.370, 8.178, 663.400, 5384.000, 1.788, 1073494928
19475, 8.112, 64.820, 8.177, 665.200, 5394.000, 1.788, 1073494928
19547, 8.112, 66.830, 8.179, 659.800, 5352.000, 1.788, 1073494928
19619, 8.112, 66.530, 8.179, 677.200, 5492.000, 1.788, 1073494928
19691, 8.112, 67.550, 8.180, 683.300, 5544.000, 1.788, 1073494928
19763, 8.116, 66.330, 8.182, 671.900, 5450.000, 1.788, 1073494928
19835, 8.112, 65.500, 8.178, 681.800, 5528.000, 1.788, 1073494928
19907, 8.112, 66.110, 8.178, 653.900, 5306.000, 1.788, 1073494928
19979, 8.108, 66.170, 8.174, 657.800, 5334.000, 1.788, 1073494928
20051, 8.112, 65.930, 8.178, 670.300, 5436.000, 1.788, 1073494928
20123, 8.116, 63.840, 8.180, 611.300, 4968.000, 1.788, 1073494928
20195, 8.116, 65.600, 8.182, 681.000, 5524.000, 1.788, 1073494928
20267, 8.116, 65.900, 8.182, 669.400, 5426.000, 1.788, 1073494928
20339, 8.120, 67.510, 8.188, 662.300, 5370.000, 1.788, 1073494928
20411, 8.060, 83.520, 8.144, 842.900, 6780.000, 1.788, 1073494928
20483, 8.060, 78.360, 8.138, 803.100, 6466.000, 1.788, 1073494928
20555, 8.064, 77.210, 8.141, 741.200, 5980.000, 1.788, 1073494928
20627, 8.072, 76.370, 8.148, 740.200, 5974.000, 1.788, 1073494928
20699, 8.068, 81.000, 8.149, 776.000, 6266.000, 1.788, 1073494928
20771, 8.068, 78.660, 8.147, 797.100, 6440.000, 1.788, 1073494928
20843, 8.072, 78.050, 8.150, 799.000, 6446.000, 1.788, 1073494928
20915, 8.128, 61.440, 8.189, 630.700, 5126.000, 1.788, 1073494928
20987, 8.120, 62.160, 8.182, 631.300, 5126.000, 1.788, 1073494928
21060, 8.108, 62.720, 8.171, 672.000, 5442.000, 1.788, 1073494928
21131, 8.112, 65.010, 8.177, 647.900, 5256.000, 1.788, 1073494928
21203, 8.112, 64.950, 8.177, 618.000, 5014.000, 1.788, 1073494928
21275, 8.128, 60.290, 8.188, 661.800, 5368.000, 1.788, 1073494928
21347, 8.108, 66.260, 8.174, 664.200, 5384.000, 1.788, 1073494928
21419, 8.108, 67.280, 8.175, 667.400, 5414.000, 1.788, 1073494928
21491, 8.116, 67.020, 8.183, 676.500, 5488.000, 1.788, 1073494928
21563, 8.112, 66.460, 8.178, 663.800, 5380.000, 1.788, 1073494928
21635, 8.120, 66.420, 8.186, 662.400, 5378.000, 1.788, 1073494928
21707, 8.116, 66.270, 8.182, 658.600, 5342.000, 1.788, 1073494928
21779, 8.108, 66.530, 8.175, 680.100, 5508.000, 1.788, 1073494928
21851, 8.112, 66.970, 8.179, 673.200, 5456.000, 1.788, 1073494928
21923, 8.100, 67.150, 8.167, 668.200, 5416.000, 1.788, 1073494928
21995, 8.104, 66.960, 8.171, 674.800, 5470.000, 1.788, 1073494928
22067, 8.108, 67.050, 8.175, 680.700, 5514.000, 1.788, 1073494928
22139, 8.108, 66.360, 8.174, 676.800, 5488.000, 1.788, 1073494928
22211, 8.108, 67.050, 8.175, 681.500, 5522.000, 1.788, 1073494928
22283, 8.116, 64.200, 8.180, 645.400, 5240.000, 1.788, 1073494928
22355, 8.116, 65.930, 8.182, 670.400, 5436.000, 1.788, 1073494928
22427, 8.108, 67.950, 8.176, 646.100, 5240.000, 1.788, 1073494928
22499, 8.108, 65.540, 8.174, 666.100, 5400.000, 1.788, 1073494928
22571, 8.108, 66.980, 8.175, 671.500, 5442.000, 1.788, 1073494928
22643, 8.104, 65.250, 8.169, 678.600, 5496.000, 1.788, 1073494928
22715, 8.108, 66.100, 8.174, 693.700, 5626.000, 1.788, 1073494928
22787, 8.116, 65.480, 8.181, 668.800, 5426.000, 1.788, 1073494928
22859, 8.116, 67.280, 8.183, 669.100, 5424.000, 1.788, 1073494928
22931, 8.108, 66.970, 8.175, 701.600, 5678.000, 1.788, 1073494928
23003, 8.108, 68.090, 8.176, 690.500, 5596.000, 1.788, 1073494928
23075, 8.104, 67.840, 8.172, 670.700, 5440.000, 1.788, 1073494928
23147, 8.052, 81.400, 8.133, 852.900, 6856.000, 1.788, 1073494928
23219, 8.044, 84.240, 8.128, 848.600, 6826.000, 1.788, 1073494928
23291, 8.060, 79.440, 8.139, 810.200, 6528.000, 1.788, 1073494928
23363, 8.072, 77.940, 8.150, 794.700, 6410.000, 1.788, 1073494928
23435, 8.060, 78.510, 8.139, 824.700, 6648.000, 1.788, 1073494928
23507, 8.056, 80.100, 8.136, 776.700, 6266.000, 1.788, 1073494928
23579, 8.068, 75.710, 8.144, 765.500, 6174.000, 1.788, 1073494928
23651, 8.080, 77.950, 8.158, 783.700, 6328.000, 1.788, 1073494928
23723, 8.068, 79.970, 8.148, 759.200, 6128.000, 1.788, 1073494928
23795, 8.080, 72.080, 8.152, 743.900, 6010.000, 1.788, 1073494928
23867, 8.076, 77.290, 8.153, 777.700, 6276.000, 1.788, 1073494928
23939, 8.076, 75.050, 8.151, 751.800, 6042.000, 1.788, 1073494928
24011, 8.080, 76.150, 8.156, 754.800, 6118.000, 1.788, 1073494928
24083, 8.072, 76.000, 8.148, 754.600, 6068.000, 1.788, 1073494928
24155, 8.080, 75.840, 8.156, 759.700, 6272.000, 1.788, 1073494928
24227, 8.080, 73.090, 8.153, 745.500, 5868.000, 1.788, 1073494928
24299, 8.076, 74.640, 8.151, 738.500, 5862.000, 1.788, 1073494928
24371, 8.080, 74.270, 8.154, 744.400, 6322.000, 1.788, 1073494928
24443, 8.084, 71.060, 8.155, 730.700, 5912.000, 1.788, 1073494928
24515, 8.120, 60.680, 8.181, 620.400, 5004.000, 1.788, 1073494928
24587, 8.072, 73.490, 8.145, 762.500, 6078.000, 1.788, 1073494928
24659, 8.116, 61.320, 8.177, 628.200, 5134.000, 1.788, 1073494928
24731, 8.084, 76.140, 8.160, 737.900, 6128.000, 1.788, 1073494928
24803, 8.088, 70.730, 8.159, 755.500, 6036.000, 1.788, 1073494928
24875, 8.084, 71.680, 8.156, 718.800, 5902.000, 1.788, 1073494928
24947, 8.068, 77.910, 8.146, 789.600, 6440.000, 1.788, 1073494928
25019, 8.072, 76.020, 8.148, 716.400, 6082.000, 1.788, 1073494928
25091, 8.068, 76.940, 8.145, 775.600, 6200.000, 1.788, 1073494928
25163, 8.080, 75.390, 8.155, 754.700, 5976.000, 1.788, 1073494928
25235, 8.068, 77.100, 8.145, 772.700, 6124.000, 1.788, 1073494928
25307, 8.072, 76.590, 8.149, 767.000, 5968.000, 1.788, 1073494928
25379, 8.080, 70.800, 8.151, 744.200, 6000.000, 1.788, 1073494928
25451, 8.088, 70.890, 8.159, 744.200, 6022.000, 1.788, 1073494928
25523, 8.084, 72.990, 8.157, 718.200, 5856.000, 1.788, 1073494928
25595, 8.080, 72.220, 8.152, 758.800, 6042.000, 1.788, 1073494928
25667, 8.076, 74.470, 8.150, 752.400, 5886.000, 1.788, 1073494928
25739, 8.076, 73.440, 8.149, 735.900, 5984.000, 1.788, 1073494928
25811, 8.076, 73.900, 8.150, 751.200, 5842.000, 1.788, 1073494928
25883, 8.088, 72.160, 8.160, 719.900, 6134.000, 1.788, 1073494928
25955, 8.080, 74.120, 8.154, 741.000, 6082.000, 1.788, 1073494928
26027, 8.072, 71.550, 8.144, 729.200, 6140.000, 1.788, 1073494928
26099, 8.092, 73.430, 8.165, 748.000, 6068.000, 1.788, 1073494928
26171, 8.084, 73.370, 8.157, 696.900, 6026.000, 1.788, 1073494928
26243, 8.080, 73.620, 8.154, 748.300, 6098.000, 1.788, 1073494928
26315, 8.080, 75.040, 8.155, 762.700, 5816.000, 1.788, 1073494928
26387, 8.124, 63.030, 8.187, 633.200, 5112.000, 1.788, 1073494928
26459, 8.128, 61.330, 8.189, 614.000, 5082.000, 1.788, 1073494928
26531, 8.132, 59.900, 8.192, 608.800, 4922.000, 1.788, 1073494928
26603, 8.128, 64.540, 8.193, 639.100, 5004.000, 1.788, 1073494928
26675, 8.112, 64.490, 8.176, 649.100, 5262.000, 1.788, 1073494928
26747, 8.112, 65.570, 8.178, 669.600, 5434.000, 1.788, 1073494928
26819, 8.108, 66.650, 8.175, 668.700, 5416.000, 1.788, 1073494928
26891, 8.112, 67.030, 8.179, 634.000, 5144.000, 1.788, 1073494928
26963, 8.108, 66.380, 8.174, 660.800, 5358.000, 1.788, 1073494928
27035, 8.108, 67.560, 8.176, 661.200, 5354.000, 1.788, 1073494928
27107, 8.096, 66.780, 8.163, 664.400, 5390.000, 1.788, 1073494928
27179, 8.104, 66.080, 8.170, 656.600, 5324.000, 1.788, 1073494928
27251, 8.108, 66.050, 8.174, 668.600, 5416.000, 1.788, 1073494928
27323, 8.104, 65.600, 8.170, 678.500, 5498.000, 1.788, 1073494928
27395, 8.104, 67.430, 8.171, 678.100, 5496.000, 1.788, 1073494928
27467, 8.104, 67.380, 8.171, 650.000, 5270.000, 1.788, 1073494928
27539, 8.108, 65.750, 8.174, 688.500, 5580.000, 1.788, 1073494928
27611, 8.096, 69.600, 8.166, 694.100, 5620.000, 1.788, 1073494928
27683, 8.096, 67.990, 8.164, 713.000, 5778.000, 1.788, 1073494928
27755, 8.100, 67.630, 8.168, 685.800, 5554.000, 1.788, 1073494928
27827, 8.116, 64.650, 8.181, 677.800, 5488.000, 1.788, 1073494928
27899, 8.108, 68.140, 8.176, 689.200, 5588.000, 1.788, 1073494928
27971, 8.108, 68.170, 8.176, 685.700, 5550.000, 1.788, 1073494928
28043, 8.100, 66.750, 8.167, 691.100, 5596.000, 1.788, 1073494928
28115, 8.096, 68.760, 8.165, 687.000, 5560.000, 1.788, 1073494928
28187, 8.104, 65.800, 8.170, 665.000, 5380.000, 1.788, 1073494928
28259, 8.100, 63.390, 8.163, 679.100, 5506.000, 1.788, 1073494928
28331, 8.108, 65.470, 8.173, 663.600, 5378.000, 1.788, 1073494928
28403, 8.104, 69.480, 8.173, 692.400, 5604.000, 1.788, 1073494928
28475, 8.100, 66.090, 8.166, 683.900, 5544.000, 1.788, 1073494928
28547, 8.100, 65.180, 8.165, 683.400, 5542.000, 1.788, 1073494928
28620, 8.096, 65.680, 8.162, 679.600, 5512.000, 1.788, 1073494928
28691, 8.036, 86.250, 8.122, 874.600, 7036.000, 1.788, 1073494928
28763, 8.052, 81.170, 8.133, 826.800, 6658.000, 1.788, 1073494928
28835, 8.052, 81.640, 8.134, 815.800, 6570.000, 1.788, 1073494928
28907, 8.068, 79.430, 8.147, 816.600, 6584.000, 1.788, 1073494928
28979, 8.068, 77.140, 8.145, 797.900, 6446.000, 1.788, 1073494928
29051, 8.072, 78.910, 8.151, 805.400, 6508.000, 1.788, 1073494928
29123, 8.072, 76.090, 8.148, 783.200, 6324.000, 1.788, 1073494928
29195, 8.060, 77.070, 8.137, 771.300, 6226.000, 1.788, 1073494928
29267, 8.060, 78.620, 8.139, 796.300, 6422.000, 1.788, 1073494928
29339, 8.072, 73.240, 8.145, 780.300, 6298.000, 1.788, 1073494928
29411, 8.072, 75.550, 8.148, 771.800, 6232.000, 1.788, 1073494928
29483, 8.072, 77.180, 8.149, 766.000, 6184.000, 1.788, 1073494928
29555, 8.072, 76.440, 8.148, 746.600, 6026.000, 1.788, 1073494928
29627, 8.076, 73.120, 8.149, 805.500, 6494.000, 1.788, 1073494928
29699, 8.104, 66.560, 8.171, 663.700, 5234.000, 1.788, 1073494928
29772, 8.120, 66.270, 8.186, 664.000, 5390.000, 1.788, 1073494928
29843, 8.128, 60.940, 8.189, 623.100, 4830.000, 1.788, 1073494928
29915, 8.108, 65.250, 8.173, 652.500, 5034.000, 1.788, 1073494928
29987, 8.108, 66.010, 8.174, 670.200, 5056.000, 1.788, 1073494928
30060, 8.116, 58.740, 8.175, 637.200, 5158.000, 1.788, 1073494928
30131, 8.120, 62.780, 8.183, 627.700, 5234.000, 1.788, 1073494928
30203, 8.100, 65.590, 8.166, 648.200, 5338.000, 1.788, 1073494928
30275, 8.100, 66.670, 8.167, 678.500, 5380.000, 1.788, 1073494928
30347, 8.100, 67.300, 8.167, 682.600, 5442.000, 1.788, 1073494928
30420, 8.112, 64.840, 8.177, 646.400, 5056.000, 1.788, 1073494928
30491, 8.100, 66.870, 8.167, 670.900, 5508.000, 1.788, 1073494928
30563, 8.044, 81.540, 8.126, 825.300, 6590.000, 1.788, 1073494928
30635, 8.052, 80.090, 8.132, 814.000, 6494.000, 1.788, 1073494928
30707, 8.052, 78.920, 8.131, 771.900, 6328.000, 1.788, 1073494928
30779, 8.068, 78.140, 8.146, 786.700, 6354.000, 1.788, 1073494928
30851, 8.072, 77.520, 8.150, 771.300, 5996.000, 1.788, 1073494928
30923, 8.072, 73.620, 8.146, 741.000, 6334.000, 1.788, 1073494928
30995, 8.060, 77.400, 8.137, 799.600, 6394.000, 1.788, 1073494928
31067, 8.060, 78.840, 8.139, 792.300, 6216.000, 1.788, 1073494928
31139, 8.064, 77.090, 8.141, 778.900, 6590.000, 1.788, 1073494928
31211, 8.064, 74.580, 8.139, 761.200, 6186.000, 1.788, 1073494928
31283, 8.072, 75.460, 8.147, 770.500, 5938.000, 1.788, 1073494928
31355, 8.068, 75.970, 8.144, 764.700, 5908.000, 1.788, 1073494928
31427, 8.068, 76.700, 8.145, 780.300, 6302.000, 1.788, 1073494928
31500, 8.076, 75.880, 8.152, 767.900, 6200.000, 1.788, 1073494928
31571, 8.064, 76.850, 8.141, 774.700, 6248.000, 1.788, 1073494928
31643, 8.080, 73.840, 8.154, 778.900, 6286.000, 1.788, 1073494928
31715, 8.068, 74.300, 8.142, 758.900, 6124.000, 1.788, 1073494928
31787, 8.116, 62.650, 8.179, 633.400, 5138.000, 1.788, 1073494928
31860, 8.124, 59.060, 8.183, 593.200, 4816.000, 1.788, 1073494928
31931, 8.104, 62.560, 8.167, 628.800, 5102.000, 1.788, 1073494928
32003, 8.124, 60.930, 8.185, 646.000, 5242.000, 1.788, 1073494928
32075, 8.112, 64.760, 8.177, 623.000, 5062.000, 1.788, 1073494928
32147, 8.104, 65.900, 8.170, 660.600, 5352.000, 1.788, 1073494928
32219, 8.116, 60.920, 8.177, 642.300, 5210.000, 1.788, 1073494928
32291, 8.112, 64.730, 8.177, 628.100, 5092.000, 1.788, 1073494928
32363, 8.108, 62.800, 8.171, 646.100, 5246.000, 1.788, 1073494928
32435, 8.112, 63.020, 8.175, 642.100, 5206.000, 1.788, 1073494928
32507, 8.112, 61.480, 8.173, 655.400, 5308.000, 1.788, 1073494928
32580, 8.100, 68.090, 8.168, 677.800, 5492.000, 1.788, 1073494928
32651, 8.100, 65.370, 8.165, 646.200, 5234.000, 1.788, 1073494928
32723, 8.088, 72.170, 8.160, 669.200, 5416.000, 1.788, 1073494928
32795, 8.108, 66.360, 8.174, 634.900, 5152.000, 1.788, 1073494928
32867, 8.088, 69.410, 8.157, 671.100, 5434.000, 1.788, 1073494928
32939, 8.112, 64.440, 8.176, 648.500, 5260.000, 1.788, 1073494928
33011, 8.100, 67.690, 8.168, 682.400, 5522.000, 1.788, 1073494928
33083, 8.100, 64.190, 8.164, 676.700, 5478.000, 1.788, 1073494928
33155, 8.108, 66.320, 8.174, 647.100, 5246.000, 1.788, 1073494928
33227, 8.112, 65.170, 8.177, 641.300, 5200.000, 1.788, 1073494928
33299, 8.108, 64.670, 8.173, 624.500, 5062.000, 1.788, 1073494928
33371, 8.112, 65.200, 8.177, 654.400, 5308.000, 1.788, 1073494928
33443, 8.108, 64.270, 8.172, 649.300, 5266.000, 1.788, 1073494928
33515, 8.104, 64.660, 8.169, 649.800, 5266.000, 1.788, 1073494928
33587, 8.112, 64.910, 8.177, 643.400, 5206.000, 1.788, 1073494928
33659, 8.116, 64.040, 8.180, 651.600, 5194.000, 1.788, 1073494928
33731, 8.104, 64.730, 8.169, 636.100, 5308.000, 1.788, 1073494928
33803, 8.104, 65.190, 8.169, 653.000, 5302.000, 1.788, 1073494928
33875, 8.112, 64.650, 8.177, 649.300, 5308.000, 1.788, 1073494928
33947, 8.044, 80.890, 8.125, 845.600, 6556.000, 1.788, 1073494928
34020, 8.052, 80.800, 8.133, 778.800, 6502.000, 1.788, 1073494928
34091, 8.056, 77.160, 8.133, 754.300, 6560.000, 1.788, 1073494928
34163, 8.068, 76.120, 8.144, 786.700, 6412.000, 1.788, 1073494928
34235, 8.060, 75.350, 8.135, 783.400, 6232.000, 1.788, 1073494928
34307, 8.116, 60.300, 8.176, 643.800, 4952.000, 1.788, 1073494928
34379, 8.116, 63.910, 8.180, 599.300, 5152.000, 1.788, 1073494928
34451, 8.112, 63.290, 8.175, 636.600, 5046.000, 1.788, 1073494928
34523, 8.116, 63.610, 8.180, 626.400, 5200.000, 1.788, 1073494928
34595, 8.108, 64.080, 8.172, 600.100, 4854.000, 1.788, 1073494928
34667, 8.108, 64.410, 8.172, 646.200, 5250.000, 1.788, 1073494928
34740, 8.108, 65.420, 8.173, 642.300, 5050.000, 1.788, 1073494928
34811, 8.108, 62.820, 8.171, 641.300, 5236.000, 1.788, 1073494928
34883, 8.120, 64.860, 8.185, 646.600, 5242.000, 1.788, 1073494928
34955, 8.104, 66.590, 8.171, 656.800, 5322.000, 1.788, 1073494928
35027, 8.108, 62.190, 8.170, 646.700, 5250.000, 1.788, 1073494928
35100, 8.100, 65.420, 8.165, 665.400, 5390.000, 1.788, 1073494928
35171, 8.104, 64.560, 8.169, 649.600, 5266.000, 1.788, 1073494928
35243, 8.104, 64.780, 8.169, 627.500, 5088.000, 1.788, 1073494928
35315, 8.112, 66.630, 8.179, 649.300, 5262.000, 1.788, 1073494928
35387, 8.104, 65.770, 8.170, 658.300, 5334.000, 1.788, 1073494928
35459, 8.112, 65.470, 8.177, 642.900, 5206.000, 1.788, 1073494928
35531, 8.104, 65.260, 8.169, 647.700, 5252.000, 1.788, 1073494928
35603, 8.112, 64.670, 8.177, 660.100, 5354.000, 1.788, 1073494928
35675, 8.108, 62.570, 8.171, 669.400, 5426.000, 1.788, 1073494928
35747, 8.108, 65.260, 8.173, 631.900, 5122.000, 1.788, 1073494928
35819, 8.104, 61.740, 8.166, 664.200, 5384.000, 1.788, 1073494928
35891, 8.104, 65.150, 8.169, 662.600, 5368.000, 1.788, 1073494928
35963, 8.112, 60.920, 8.173, 656.300, 5324.000, 1.788, 1073494928
36035, 8.108, 65.590, 8.174, 652.400, 5286.000, 1.788, 1073494928
36107, 8.116, 65.550, 8.182, 660.700, 5354.000, 1.788, 1073494928
36179, 8.108, 61.970, 8.170, 668.100, 5420.000, 1.788, 1073494928
36251, 8.104, 65.760, 8.170, 670.300, 5434.000, 1.788, 1073494928
36323, 8.108, 66.430, 8.174, 630.500, 5108.000, 1.788, 1073494928
36395, 8.104, 64.690, 8.169, 655.500, 5318.000, 1.788, 1073494928
36467, 8.112, 65.600, 8.178, 662.800, 5370.000, 1.788, 1073494928
36539, 8.100, 69.770, 8.170, 720.800, 5822.000, 1.788, 1073494928
36611, 8.096, 67.620, 8.164, 666.200, 5400.000, 1.788, 1073494928
36683, 8.036, 84.690, 8.121, 817.100, 6780.000, 1.788, 1073494928
36755, 8.036, 81.490, 8.117, 838.200, 6600.000, 1.788, 1073494928
36827, 8.056, 79.830, 8.136, 805.400, 6344.000, 1.788, 1073494928
36900, 8.048, 79.050, 8.127, 793.600, 6256.000, 1.788, 1073494928
36971, 8.060, 79.570, 8.140, 801.800, 6124.000, 1.788, 1073494928
37043, 8.060, 82.110, 8.142, 785.700, 6386.000, 1.788, 1073494928
37115, 8.068, 77.700, 8.146, 769.200, 6112.000, 1.788, 1073494928
37187, 8.060, 76.420, 8.136, 788.400, 6246.000, 1.788, 1073494928
37259, 8.056, 78.290, 8.134, 792.200, 6322.000, 1.788, 1073494928
37331, 8.072, 76.230, 8.148, 774.000, 6158.000, 1.788, 1073494928
37403, 8.060, 77.050, 8.137, 730.800, 6040.000, 1.788, 1073494928
37475, 8.068, 76.230, 8.144, 775.800, 5970.000, 1.788, 1073494928
37547, 8.068, 74.970, 8.143, 751.800, 6196.000, 1.788, 1073494928
37619, 8.072, 78.480, 8.150, 775.400, 6448.000, 1.788, 1073494928
37691, 8.068, 73.160, 8.141, 763.800, 5728.000, 1.788, 1073494928
37763, 8.072, 75.910, 8.148, 743.000, 6004.000, 1.788, 1073494928
37835, 8.080, 72.900, 8.153, 724.300, 5850.000, 1.788, 1073494928
37907, 8.068, 73.580, 8.142, 754.600, 6092.000, 1.788, 1073494928
37979, 8.072, 74.120, 8.146, 747.300, 6036.000, 1.788, 1073494928
38051, 8.068, 74.000, 8.142, 734.700, 5934.000, 1.788, 1073494928
38123, 8.080, 72.020, 8.152, 725.000, 5856.000, 1.788, 1073494928
38195, 8.072, 75.420, 8.147, 760.400, 6134.000, 1.788, 1073494928
38267, 8.080, 71.940, 8.152, 729.900, 5896.000, 1.788, 1073494928
38340, 8.076, 74.320, 8.150, 752.200, 6072.000, 1.788, 1073494928
38411, 8.072, 72.320, 8.144, 717.100, 5786.000, 1.788, 1073494928
38483, 8.080, 72.910, 8.153, 727.900, 5878.000, 1.788, 1073494928
38555, 8.072, 74.910, 8.147, 738.100, 5958.000, 1.788, 1073494928
38627, 8.072, 74.820, 8.147, 740.100, 5970.000, 1.788, 1073494928
38699, 8.076, 71.820, 8.148, 754.000, 6086.000, 1.788, 1073494928
38771, 8.084, 72.210, 8.156, 702.000, 5672.000, 1.788, 1073494928
38843, 8.068, 74.110, 8.142, 742.600, 5996.000, 1.788, 1073494928
38915, 8.120, 60.010, 8.180, 616.900, 5008.000, 1.788, 1073494928
38987, 8.128, 60.410, 8.188, 612.400, 4974.000, 1.788, 1073494928
39059, 8.072, 73.820, 8.146, 755.600, 6092.000, 1.788, 1073494928
39131, 8.072, 74.810, 8.147, 730.400, 5892.000, 1.788, 1073494928
39203, 8.068, 75.190, 8.143, 751.100, 6058.000, 1.788, 1073494928
39275, 8.068, 74.040, 8.142, 743.400, 6010.000, 1.788, 1073494928
39347, 8.072, 75.770, 8.148, 728.100, 5932.000, 1.788, 1073494928
39419, 8.072, 71.050, 8.143, 762.200, 6066.000, 1.788, 1073494928
39491, 8.080, 72.560, 8.153, 728.300, 5932.000, 1.788, 1073494928
39563, 8.072, 72.360, 8.144, 735.400, 5724.000, 1.788, 1073494928
39635, 8.072, 73.670, 8.146, 735.300, 6168.000, 1.788, 1073494928
39707, 8.076, 76.230, 8.152, 719.000, 6104.000, 1.788, 1073494928
39779, 8.072, 74.550, 8.147, 749.400, 5876.000, 1.788, 1073494928
39851, 8.068, 75.170, 8.143, 754.700, 6170.000, 1.788, 1073494928
39923, 8.072, 74.720, 8.147, 748.000, 6086.000, 1.788, 1073494928
39995, 8.068, 74.110, 8.142, 751.300, 6046.000, 1.788, 1073494928
40067, 8.064, 75.390, 8.139, 754.900, 6088.000, 1.788, 1073494928
40139, 8.116, 60.510, 8.177, 584.000, 4854.000, 1.788, 1073494928
40211, 8.116, 58.780, 8.175, 585.000, 4816.000, 1.788, 1073494928
40283, 8.112, 60.320, 8.172, 594.700, 4830.000, 1.788, 1073494928
40355, 8.116, 63.250, 8.179, 593.200, 4814.000, 1.788, 1073494928
40427, 8.108, 61.420, 8.169, 640.800, 5198.000, 1.788, 1073494928
40499, 8.104, 63.600, 8.168, 632.800, 5132.000, 1.788, 1073494928
40571, 8.100, 65.320, 8.165, 647.700, 5250.000, 1.788, 1073494928
40643, 8.116, 64.850, 8.181, 637.600, 5170.000, 1.788, 1073494928
40715, 8.104, 63.840, 8.168, 629.600, 5106.000, 1.788, 1073494928
40787, 8.104, 63.420, 8.167, 644.800, 5226.000, 1.788, 1073494928
40859, 8.108, 65.160, 8.173, 643.800, 5216.000, 1.788, 1073494928
40931, 8.112, 64.560, 8.177, 628.500, 5096.000, 1.788, 1073494928
41003, 8.104, 64.490, 8.168, 662.600, 5364.000, 1.788, 1073494928
41075, 8.104, 62.840, 8.167, 661.600, 5358.000, 1.788, 1073494928
41147, 8.104, 65.250, 8.169, 665.500, 5394.000, 1.788, 1073494928
41219, 8.096, 65.980, 8.162, 661.900, 5370.000, 1.788, 1073494928
41291, 8.104, 65.490, 8.169, 658.100, 5332.000, 1.788, 1073494928
41363, 8.092, 67.500, 8.160, 678.000, 5488.000, 1.788, 1073494928
41435, 8.096, 65.320, 8.161, 672.500, 5442.000, 1.788, 1073494928
41507, 8.096, 65.320, 8.161, 655.900, 5318.000, 1.788, 1073494928
41579, 8.100, 64.560, 8.165, 631.400, 5118.000, 1.788, 1073494928
41651, 8.100, 66.610, 8.167, 670.000, 5430.000, 1.788, 1073494928
41723, 8.088, 65.780, 8.154, 674.700, 5460.000, 1.788, 1073494928
41795, 8.100, 63.580, 8.164, 680.000, 5498.000, 1.788, 1073494928
41867, 8.100, 68.140, 8.168, 685.600, 5450.000, 1.788, 1073494928
41939, 8.096, 67.930, 8.164, 676.800, 5502.000, 1.788, 1073494928
42011, 8.088, 68.460, 8.156, 695.300, 5534.000, 1.788, 1073494928
42083, 8.092, 66.850, 8.159, 693.400, 5590.000, 1.788, 1073494928
42155, 8.096, 63.730, 8.160, 663.800, 5092.000, 1.788, 1073494928
42227, 8.100, 63.200, 8.163, 661.900, 5342.000, 1.788, 1073494928
42299, 8.092, 67.960, 8.160, 701.300, 5538.000, 1.788, 1073494928
42371, 8.104, 66.410, 8.170, 664.500, 5276.000, 1.788, 1073494928
42443, 8.084, 70.810, 8.155, 701.700, 5538.000, 1.788, 1073494928
42515, 8.104, 64.900, 8.169, 662.600, 5302.000, 1.788, 1073494928
42587, 8.032, 79.550, 8.112, 837.200, 6806.000, 1.788, 1073494928
42659, 8.044, 81.320, 8.125, 837.200, 6574.000, 1.788, 1073494928
42731, 8.044, 81.740, 8.126, 817.400, 6574.000, 1.788, 1073494928
42803, 8.052, 79.590, 8.132, 815.200, 6560.000, 1.788, 1073494928
42875, 8.064, 80.280, 8.144, 798.400, 6426.000, 1.788, 1073494928
42947, 8.056, 80.070, 8.136, 796.700, 6420.000, 1.788, 1073494928
43019, 8.056, 78.780, 8.135, 800.700, 6452.000, 1.788, 1073494928
43091, 8.060, 73.820, 8.134, 757.000, 6098.000, 1.788, 1073494928
43163, 8.076, 75.310, 8.151, 762.000, 6144.000, 1.788, 1073494928
43235, 8.068, 75.110, 8.143, 756.800, 6102.000, 1.788, 1073494928
43307, 8.056, 77.230, 8.133, 729.900, 5882.000, 1.788, 1073494928
43379, 8.068, 75.340, 8.143, 739.400, 5960.000, 1.788, 1073494928
43451, 8.080, 75.580, 8.156, 724.700, 5842.000, 1.788, 1073494928
43523, 8.060, 72.720, 8.133, 759.500, 6130.000, 1.788, 1073494928
43595, 8.116, 58.990, 8.175, 620.200, 5030.000, 1.788, 1073494928
43667, 8.124, 61.580, 8.186, 610.900, 4958.000, 1.788, 1073494928
43739, 8.108, 58.810, 8.167, 614.100, 4988.000, 1.788, 1073494928
43811, 8.120, 61.340, 8.181, 650.800, 5272.000, 1.788, 1073494928
43883, 8.116, 60.710, 8.177, 608.900, 4944.000, 1.788, 1073494928
43955, 8.096, 65.570, 8.162, 693.300, 5610.000, 1.788, 1073494928
44027, 8.104, 64.660, 8.169, 643.900, 5220.000, 1.788, 1073494928
44099, 8.104, 63.750, 8.168, 620.200, 5194.000, 1.788, 1073494928
44171, 8.100, 65.170, 8.165, 659.100, 5302.000, 1.788, 1073494928
44243, 8.108, 62.360, 8.170, 657.600, 5370.000, 1.788, 1073494928
44315, 8.100, 62.510, 8.163, 627.300, 5344.000, 1.788, 1073494928
44387, 8.092, 69.220, 8.161, 685.700, 5368.000, 1.788, 1073494928
44459, 8.044, 80.670, 8.125, 819.500, 6698.000, 1.788, 1073494928
44531, 8.048, 79.220, 8.127, 787.400, 6538.000, 1.788, 1073494928
44603, 8.044, 82.130, 8.126, 808.400, 6222.000, 1.788, 1073494928
44675, 8.052, 79.840, 8.132, 800.300, 6324.000, 1.788, 1073494928
44747, 8.060, 78.030, 8.138, 796.300, 6180.000, 1.788, 1073494928
44819, 8.072, 77.890, 8.150, 785.600, 6164.000, 1.788, 1073494928
44891, 8.064, 78.040, 8.142, 756.400, 6322.000, 1.788, 1073494928
44963, 8.060, 74.150, 8.134, 769.900, 6200.000, 1.788, 1073494928
45035, 8.056, 76.090, 8.132, 736.000, 5928.000, 1.788, 1073494928
45107, 8.064, 73.750, 8.138, 767.500, 6184.000, 1.788, 1073494928
45179, 8.048, 79.190, 8.127, 793.700, 6400.000, 1.788, 1073494928
45251, 8.068, 77.560, 8.146, 755.900, 6092.000, 1.788, 1073494928
45323, 8.076, 73.850, 8.150, 757.600, 6108.000, 1.788, 1073494928
45395, 8.068, 75.350, 8.143, 750.100, 6046.000, 1.788, 1073494928
45467, 8.048, 76.680, 8.125, 743.000, 5990.000, 1.788, 1073494928
45539, 8.068, 74.550, 8.143, 764.800, 6168.000, 1.788, 1073494928
45611, 8.116, 59.350, 8.175, 625.800, 5072.000, 1.788, 1073494928
45683, 8.120, 60.930, 8.181, 589.700, 4778.000, 1.788, 1073494928
45755, 8.112, 63.960, 8.176, 629.600, 5108.000, 1.788, 1073494928
45827, 8.112, 58.970, 8.171, 647.800, 5246.000, 1.788, 1073494928
45899, 8.060, 74.480, 8.134, 722.600, 5842.000, 1.788, 1073494928
45971, 8.108, 61.760, 8.170, 645.000, 5226.000, 1.788, 1073494928
46043, 8.112, 63.860, 8.176, 603.500, 4892.000, 1.788, 1073494928
46115, 8.112, 63.000, 8.175, 655.100, 5306.000, 1.788, 1073494928
46187, 8.104, 64.630, 8.169, 628.200, 5088.000, 1.788, 1073494928
46259, 8.092, 66.900, 8.159, 681.700, 5318.000, 1.788, 1073494928
46331, 8.096, 63.580, 8.160, 642.900, 5276.000, 1.788, 1073494928
46403, 8.080, 69.250, 8.149, 710.500, 5632.000, 1.788, 1073494928
46475, 8.100, 64.370, 8.164, 651.700, 5282.000, 1.788, 1073494928
46547, 8.096, 68.920, 8.165, 666.100, 5502.000, 1.788, 1073494928
46619, 8.108, 63.040, 8.171, 636.700, 5204.000, 1.788, 1073494928
46691, 8.096, 65.690, 8.162, 653.700, 5282.000, 1.788, 1073494928
46763, 8.104, 62.360, 8.166, 638.000, 5088.000, 1.788, 1073494928
46835, 8.100, 62.610, 8.163, 632.500, 5316.000, 1.788, 1073494928
46907, 8.108, 65.740, 8.174, 656.700, 5354.000, 1.788, 1073494928
46979, 8.104, 65.290, 8.169, 653.900, 5344.000, 1.788, 1073494928
47051, 8.100, 65.480, 8.165, 657.900, 5334.000, 1.788, 1073494928
47123, 8.100, 63.280, 8.163, 644.900, 5220.000, 1.788, 1073494928
47195, 8.104, 62.230, 8.166, 622.900, 5046.000, 1.788, 1073494928
47267, 8.096, 61.730, 8.158, 615.400, 4988.000, 1.788, 1073494928
47339, 8.100, 66.140, 8.166, 663.100, 5370.000, 1.788, 1073494928
47411, 8.104, 65.750, 8.170, 648.500, 5256.000, 1.788, 1073494928
47483, 8.100, 64.860, 8.165, 657.600, 5324.000, 1.788, 1073494928
47555, 8.108, 64.650, 8.173, 663.600, 5374.000, 1.788, 1073494928
47627, 8.096, 65.740, 8.162, 646.500, 5242.000, 1.788, 1073494928
47699, 8.096, 63.580, 8.160, 646.000, 5236.000, 1.788, 1073494928
47771, 8.032, 83.660, 8.116, 849.300, 6822.000, 1.788, 1073494928
47843, 8.056, 77.960, 8.134, 806.500, 6488.000, 1.788, 1073494928
47915, 8.060, 78.630, 8.139, 802.600, 6472.000, 1.788, 1073494928
47987, 8.060, 77.950, 8.138, 782.400, 6298.000, 1.788, 1073494928
48059, 8.060, 75.970, 8.136, 767.800, 6186.000, 1.788, 1073494928
48131, 8.056, 78.730, 8.135, 766.700, 6186.000, 1.788, 1073494928
48203, 8.064, 74.390, 8.138, 753.200, 6068.000, 1.788, 1073494928
48275, 8.112, 59.530, 8.172, 613.800, 4836.000, 1.788, 1073494928
48347, 8.108, 62.680, 8.171, 635.200, 5224.000, 1.788, 1073494928
48419, 8.108, 63.300, 8.171, 615.600, 5188.000, 1.788, 1073494928
48491, 8.100, 63.990, 8.164, 655.300, 5206.000, 1.788, 1073494928
48563, 8.104, 63.850, 8.168, 666.400, 5152.000, 1.788, 1073494928
48635, 8.096, 64.370, 8.160, 642.100, 5080.000, 1.788, 1073494928
48707, 8.100, 63.160, 8.163, 651.000, 5306.000, 1.788, 1073494928
48779, 8.100, 64.750, 8.165, 605.300, 5240.000, 1.788, 1073494928
48851, 8.104, 63.560, 8.168, 642.700, 5044.000, 1.788, 1073494928
48923, 8.092, 64.950, 8.157, 671.400, 5220.000, 1.788, 1073494928
48995, 8.096, 64.590, 8.161, 644.400, 5226.000, 1.788, 1073494928
49067, 8.096, 65.130, 8.161, 613.000, 4968.000, 1.788, 1073494928
49139, 8.092, 65.930, 8.158, 659.200, 5334.000, 1.788, 1073494928
49211, 8.108, 65.140, 8.173, 645.500, 5226.000, 1.788, 1073494928
49283, 8.100, 65.620, 8.166, 665.800, 5390.000, 1.788, 1073494928
49355, 8.112, 65.050, 8.177, 655.600, 5312.000, 1.788, 1073494928
49427, 8.096, 64.710, 8.161, 667.200, 5400.000, 1.788, 1073494928
49499, 8.096, 65.500, 8.161, 656.200, 5322.000, 1.788, 1073494928
49571, 8.108, 63.020, 8.171, 636.500, 5154.000, 1.788, 1073494928
49643, 8.084, 67.660, 8.152, 660.500, 5342.000, 1.788, 1073494928
49715, 8.104, 65.830, 8.170, 662.500, 5370.000, 1.788, 1073494928
49787, 8.100, 65.350, 8.165, 651.700, 5276.000, 1.788, 1073494928
49859, 8.104, 63.410, 8.167, 641.300, 5194.000, 1.788, 1073494928
49931, 8.092, 65.140, 8.157, 661.800, 5360.000, 1.788, 1073494928
50003, 8.100, 63.810, 8.164, 663.500, 5378.000, 1.788, 1073494928
50075, 8.104, 64.150, 8.168, 661.600, 5358.000, 1.788, 1073494928
50147, 8.108, 64.740, 8.173, 662.200, 5194.000, 1.788, 1073494928
50219, 8.096, 65.830, 8.162, 670.700, 5318.000, 1.788, 1073494928
50291, 8.096, 64.780, 8.161, 666.300, 5220.000, 1.788, 1073494928
50363, 8.100, 65.660, 8.166, 666.100, 5306.000, 1.788, 1073494928
50435, 8.084, 64.090, 8.148, 663.100, 5400.000, 1.788, 1073494928
50507, 8.096, 66.730, 8.163, 682.700, 5524.000, 1.788, 1073494928
50579, 8.068, 76.660, 8.145, 771.300, 6364.000, 1.788, 1073494928
50651, 8.032, 81.740, 8.114, 828.100, 6556.000, 1.788, 1073494928
50723, 8.040, 83.590, 8.124, 842.900, 6524.000, 1.788, 1073494928
50795, 8.036, 82.350, 8.118, 804.200, 6478.000, 1.788, 1073494928
50867, 8.040, 80.020, 8.120, 781.100, 6282.000, 1.788, 1073494928
50939, 8.052, 77.550, 8.130, 805.500, 6484.000, 1.788, 1073494928
51011, 8.056, 77.720, 8.134, 776.900, 6252.000, 1.788, 1073494928
51083, 8.056, 76.420, 8.132, 747.400, 6020.000, 1.788, 1073494928
51155, 8.068, 78.980, 8.147, 787.700, 6344.000, 1.788, 1073494928
51227, 8.060, 74.430, 8.134, 737.200, 5938.000, 1.788, 1073494928
51299, 8.068, 73.030, 8.141, 740.900, 5968.000, 1.788, 1073494928
51371, 8.068, 76.500, 8.144, 755.800, 6094.000, 1.788, 1073494928
51443, 8.060, 75.580, 8.136, 762.100, 6144.000, 1.788, 1073494928
51515, 8.056, 73.760, 8.130, 752.200, 6062.000, 1.788, 1073494928
51587, 8.064, 74.650, 8.139, 756.000, 6098.000, 1.788, 1073494928
51659, 8.060, 75.950, 8.136, 756.400, 6094.000, 1.788, 1073494928
51731, 8.060, 76.860, 8.137, 737.000, 5944.000, 1.788, 1073494928
51803, 8.056, 78.140, 8.134, 732.300, 5902.000, 1.788, 1073494928
51875, 8.064, 72.940, 8.137, 760.400, 6130.000, 1.788, 1073494928
51947, 8.064, 72.840, 8.137, 742.600, 6020.000, 1.788, 1073494928
52019, 8.060, 74.670, 8.135, 750.400, 5876.000, 1.788, 1073494928
52091, 8.068, 71.500, 8.139, 741.400, 5968.000, 1.788, 1073494928
52163, 8.068, 73.890, 8.142, 744.600, 6158.000, 1.788, 1073494928
52235, 8.060, 75.690, 8.136, 750.900, 6014.000, 1.788, 1073494928
52307, 8.064, 74.740, 8.139, 760.200, 6114.000, 1.788, 1073494928
52379, 8.064, 74.860, 8.139, 761.400, 6026.000, 1.788, 1073494928
52451, 8.068, 72.700, 8.141, 744.600, 6068.000, 1.788, 1073494928
52523, 8.068, 73.310, 8.141, 714.000, 5760.000, 1.788, 1073494928
52595, 8.068, 70.840, 8.139, 721.600, 5940.000, 1.788, 1073494928
52667, 8.072, 73.750, 8.146, 734.000, 5932.000, 1.788, 1073494928
52739, 8.068, 72.170, 8.140, 741.400, 5980.000, 1.788, 1073494928
52811, 8.076, 74.490, 8.150, 746.100, 6014.000, 1.788, 1073494928
52883, 8.064, 75.030, 8.139, 746.000, 6022.000, 1.788, 1073494928
52955, 8.076, 71.220, 8.147, 725.800, 5856.000, 1.788, 1073494928
53027, 8.064, 74.450, 8.138, 712.500, 5748.000, 1.788, 1073494928
53100, 8.064, 73.760, 8.138, 736.500, 5948.000, 1.788, 1073494928
53171, 8.064, 75.090, 8.139, 723.100, 5832.000, 1.788, 1073494928
53243, 8.076, 71.640, 8.148, 706.200, 5706.000, 1.788, 1073494928
53315, 8.064, 70.390, 8.134, 753.000, 6072.000, 1.788, 1073494928
53387, 8.068, 71.250, 8.139, 739.900, 5964.000, 1.788, 1073494928
53459, 8.076, 70.810, 8.147, 749.300, 6046.000, 1.788, 1073494928
53531, 8.080, 71.120, 8.151, 754.900, 6088.000, 1.788, 1073494928
53603, 8.060, 74.670, 8.135, 729.100, 5882.000, 1.788, 1073494928
53675, 8.068, 74.170, 8.142, 722.800, 5840.000, 1.788, 1073494928
53747, 8.072, 74.240, 8.146, 712.400, 6194.000, 1.788, 1073494928
53819, 8.056, 74.650, 8.131, 742.100, 5800.000, 1.788, 1073494928
53891, 8.060, 74.020, 8.134, 754.400, 5852.000, 1.788, 1073494928
53963, 8.072, 73.070, 8.145, 740.900, 5742.000, 1.788, 1073494928
54035, 8.108, 61.230, 8.169, 617.500, 4970.000, 1.788, 1073494928
54107, 8.104, 62.500, 8.167, 634.700, 5118.000, 1.788, 1073494928
54180, 8.112, 61.010, 8.173, 623.300, 4974.000, 1.788, 1073494928
54251, 8.108, 59.590, 8.168, 610.300, 4898.000, 1.788, 1073494928
54323, 8.108, 62.940, 8.171, 613.400, 4974.000, 1.788, 1073494928
54395, 8.100, 62.490, 8.162, 627.700, 5086.000, 1.788, 1073494928
54467, 8.096, 64.300, 8.160, 651.300, 5272.000, 1.788, 1073494928
54540, 8.096, 64.510, 8.161, 650.900, 5272.000, 1.788, 1073494928
54611, 8.108, 65.260, 8.173, 643.100, 5210.000, 1.788, 1073494928
54683, 8.096, 64.280, 8.160, 657.400, 5324.000, 1.788, 1073494928
54755, 8.096, 65.760, 8.162, 655.000, 5302.000, 1.788, 1073494928
54827, 8.100, 63.970, 8.164, 642.800, 5206.000, 1.788, 1073494928
54900, 8.096, 64.920, 8.161, 644.200, 5216.000, 1.788, 1073494928
54971, 8.096, 63.130, 8.159, 662.600, 5360.000, 1.788, 1073494928
55043, 8.096, 65.450, 8.161, 640.500, 5180.000, 1.788, 1073494928
55115, 8.096, 65.960, 8.162, 645.000, 5224.000, 1.788, 1073494928
55187, 8.092, 65.090, 8.157, 665.900, 5388.000, 1.788, 1073494928
55259, 8.092, 65.680, 8.158, 673.700, 5450.000, 1.788, 1073494928
55331, 8.088, 67.490, 8.155, 677.400, 5478.000, 1.788, 1073494928
55403, 8.088, 67.020, 8.155, 679.200, 5492.000, 1.788, 1073494928
55475, 8.100, 66.230, 8.166, 663.300, 5440.000, 1.788, 1073494928
55547, 8.088, 66.980, 8.155, 676.900, 5460.000, 1.788, 1073494928
55619, 8.084, 67.770, 8.152, 685.300, 5518.000, 1.788, 1073494928
55691, 8.096, 64.030, 8.160, 668.700, 5528.000, 1.788, 1073494928
55763, 8.096, 64.310, 8.160, 665.200, 5496.000, 1.788, 1073494928
55835, 8.080, 73.320, 8.153, 732.000, 5866.000, 1.788, 1073494928
55907, 8.088, 67.700, 8.156, 682.000, 5614.000, 1.788, 1073494928
55979, 8.084, 67.130, 8.151, 696.600, 5508.000, 1.788, 1073494928
56051, 8.084, 65.260, 8.149, 695.600, 5626.000, 1.788, 1073494928
56123, 8.076, 67.000, 8.143, 687.000, 5554.000, 1.788, 1073494928
56195, 8.080, 68.770, 8.149, 689.400, 5570.000, 1.788, 1073494928
56267, 8.084, 66.500, 8.150, 665.000, 5378.000, 1.788, 1073494928
56340, 8.092, 65.310, 8.157, 661.800, 5354.000, 1.788, 1073494928
56411, 8.096, 63.970, 8.160, 666.500, 5396.000, 1.788, 1073494928
56483, 8.032, 80.280, 8.112, 818.100, 6570.000, 1.788, 1073494928
56555, 8.032, 81.800, 8.114, 826.400, 6638.000, 1.788, 1073494928
56627, 8.036, 80.860, 8.117, 819.400, 6594.000, 1.788, 1073494928
56699, 8.032, 81.190, 8.113, 815.400, 6554.000, 1.788, 1073494928
56771, 8.044, 80.150, 8.124, 774.500, 6226.000, 1.788, 1073494928
56843, 8.052, 77.680, 8.130, 745.000, 5990.000, 1.788, 1073494928
56915, 8.068, 75.630, 8.144, 719.300, 5796.000, 1.788, 1073494928
56987, 8.060, 76.220, 8.136, 794.100, 6402.000, 1.788, 1073494928
57059, 8.052, 75.850, 8.128, 789.800, 6062.000, 1.788, 1073494928
57131, 8.056, 73.410, 8.129, 738.000, 5948.000, 1.788, 1073494928
57203, 8.060, 73.490, 8.133, 740.400, 6168.000, 1.788, 1073494928
57275, 8.068, 75.270, 8.143, 761.500, 5922.000, 1.788, 1073494928
57347, 8.064, 77.030, 8.141, 774.300, 6032.000, 1.788, 1073494928
57419, 8.052, 75.640, 8.128, 749.000, 6150.000, 1.788, 1073494928
57491, 8.116, 60.860, 8.177, 624.600, 4916.000, 1.788, 1073494928
57563, 8.108, 61.900, 8.170, 602.700, 5076.000, 1.788, 1073494928
57635, 8.108, 61.230, 8.169, 625.300, 4932.000, 1.788, 1073494928
57707, 8.108, 63.420, 8.171, 601.900, 4876.000, 1.788, 1073494928
57779, 8.104, 64.900, 8.169, 629.300, 5098.000, 1.788, 1073494928
57851, 8.104, 63.740, 8.168, 641.900, 5198.000, 1.788, 1073494928
57923, 8.100, 66.090, 8.166, 649.600, 5260.000, 1.788, 1073494928
57995, 8.096, 64.380, 8.160, 640.300, 5184.000, 1.788, 1073494928
58067, 8.092, 63.970, 8.156, 643.000, 5206.000, 1.788, 1073494928
58140, 8.096, 63.660, 8.160, 663.800, 5380.000, 1.788, 1073494928
58211, 8.092, 66.910, 8.159, 652.300, 5272.000, 1.788, 1073494928
58283, 8.092, 64.980, 8.157, 673.300, 5452.000, 1.788, 1073494928
58355, 8.028, 83.180, 8.111, 834.800, 6708.000, 1.788, 1073494928
58427, 8.040, 80.540, 8.121, 783.100, 6304.000, 1.788, 1073494928
58499, 8.040, 77.570, 8.118, 807.900, 6492.000, 1.788, 1073494928
58571, 8.048, 77.700, 8.126, 743.500, 5984.000, 1.788, 1073494928
58643, 8.104, 59.170, 8.163, 636.800, 5082.000, 1.788, 1073494928
58715, 8.044, 81.230, 8.125, 806.100, 6520.000, 1.788, 1073494928
58787, 8.048, 79.700, 8.128, 742.000, 6402.000, 1.788, 1073494928
58860, 8.044, 78.020, 8.122, 768.700, 6402.000, 1.788, 1073494928
58931, 8.040, 78.350, 8.118, 788.800, 6222.000, 1.788, 1073494928
59003, 8.076, 73.000, 8.149, 738.600, 6006.000, 1.788, 1073494928
59075, 8.056, 76.690, 8.133, 741.300, 5980.000, 1.788, 1073494928
59147, 8.056, 77.080, 8.133, 744.300, 6308.000, 1.788, 1073494928
59220, 8.064, 76.990, 8.141, 767.300, 5892.000, 1.788, 1073494928
59291, 8.056, 75.330, 8.131, 789.600, 6370.000, 1.788, 1073494928
59363, 8.060, 77.910, 8.138, 746.800, 6020.000, 1.788, 1073494928
59435, 8.060, 76.740, 8.137, 765.800, 6174.000, 1.788, 1073494928
59507, 8.052, 77.420, 8.129, 731.700, 5892.000, 1.788, 1073494928
59580, 8.112, 60.810, 8.173, 623.700, 5056.000, 1.788, 1073494928
59651, 8.112, 59.080, 8.171, 604.700, 4908.000, 1.788, 1073494928
59723, 8.108, 60.840, 8.169, 636.200, 5154.000, 1.788, 1073494928
59795, 8.104, 61.360, 8.165, 607.300, 4922.000, 1.788, 1073494928
59867, 8.116, 60.630, 8.177, 625.500, 5070.000, 1.788, 1073494928
59940, 8.112, 59.470, 8.171, 627.800, 5086.000, 1.788, 1073494928
60011, 8.096, 64.640, 8.161, 631.900, 5122.000, 1.788, 1073494928
60083, 8.100, 63.420, 8.163, 647.600, 5242.000, 1.788, 1073494928
60155, 8.100, 61.050, 8.161, 650.200, 5262.000, 1.788, 1073494928
60227, 8.104, 64.720, 8.169, 646.000, 5206.000, 1.788, 1073494928
60300, 8.092, 64.380, 8.156, 617.400, 5242.000, 1.788, 1073494928
60371, 8.096, 64.430, 8.160, 665.800, 5234.000, 1.788, 1073494928
60443, 8.096, 63.840, 8.160, 637.500, 5334.000, 1.788, 1073494928
60515, 8.092, 64.860, 8.157, 654.700, 5154.000, 1.788, 1073494928
60587, 8.092, 62.230, 8.154, 660.900, 5306.000, 1.788, 1073494928
60659, 8.104, 65.960, 8.170, 653.800, 5158.000, 1.788, 1073494928
60731, 8.092, 62.770, 8.155, 654.400, 5328.000, 1.788, 1073494928
60803, 8.092, 64.450, 8.156, 660.300, 5344.000, 1.788, 1073494928
60875, 8.104, 65.940, 8.170, 642.700, 5206.000, 1.788, 1073494928
60947, 8.092, 65.830, 8.158, 662.300, 5360.000, 1.788, 1073494928
61020, 8.088, 66.670, 8.155, 662.400, 5360.000, 1.788, 1073494928
61091, 8.092, 64.340, 8.156, 658.300, 5324.000, 1.788, 1073494928
61163, 8.096, 61.580, 8.158, 654.300, 5306.000, 1.788, 1073494928
61235, 8.108, 66.170, 8.174, 659.300, 5334.000, 1.788, 1073494928
61307, 8.096, 65.290, 8.161, 644.100, 5214.000, 1.788, 1073494928
61379, 8.096, 60.890, 8.157, 652.200, 5282.000, 1.788, 1073494928
61451, 8.092, 64.140, 8.156, 657.400, 5328.000, 1.788, 1073494928
61523, 8.104, 65.050, 8.169, 644.600, 5214.000, 1.788, 1073494928
61595, 8.100, 64.780, 8.165, 658.400, 5328.000, 1.788, 1073494928
61667, 8.040, 82.000, 8.122, 836.700, 6528.000, 1.788, 1073494928
61739, 8.040, 82.890, 8.123, 808.200, 6216.000, 1.788, 1073494928
61811, 8.040, 78.390, 8.118, 816.900, 6140.000, 1.788, 1073494928
61883, 8.052, 79.040, 8.131, 796.200, 6384.000, 1.788, 1073494928
61955, 8.048, 77.870, 8.126, 734.300, 6348.000, 1.788, 1073494928
62027, 8.056, 73.590, 8.130, 754.000, 6294.000, 1.788, 1073494928
62100, 8.048, 77.860, 8.126, 796.500, 6286.000, 1.788, 1073494928
62171, 8.104, 62.400, 8.166, 598.400, 5142.000, 1.788, 1073494928
62243, 8.108, 64.290, 8.172, 602.400, 5066.000, 1.788, 1073494928
62315, 8.100, 62.920, 8.163, 630.200, 5108.000, 1.788, 1073494928
62387, 8.096, 63.440, 8.159, 639.200, 5184.000, 1.788, 1073494928
62460, 8.088, 66.210, 8.154, 675.000, 5460.000, 1.788, 1073494928
62531, 8.104, 63.910, 8.168, 624.400, 5056.000, 1.788, 1073494928
62603, 8.096, 64.110, 8.160, 643.000, 5206.000, 1.788, 1073494928
62675, 8.096, 64.800, 8.161, 651.500, 5272.000, 1.788, 1073494928
62747, 8.092, 64.170, 8.156, 649.700, 5256.000, 1.788, 1073494928
62819, 8.092, 64.290, 8.156, 644.900, 5230.000, 1.788, 1073494928
62891, 8.100, 65.310, 8.165, 636.400, 5152.000, 1.788, 1073494928
62963, 8.096, 64.590, 8.161, 625.300, 5062.000, 1.788, 1073494928
63035, 8.092, 64.290, 8.156, 658.800, 5332.000, 1.788, 1073494928
63107, 8.100, 64.260, 8.164, 648.900, 5250.000, 1.788, 1073494928
63179, 8.092, 63.230, 8.155, 658.000, 5236.000, 1.788, 1073494928
63251, 8.096, 61.830, 8.158, 637.000, 5328.000, 1.788, 1073494928
63323, 8.104, 64.640, 8.169, 648.600, 5276.000, 1.788, 1073494928
63395, 8.088, 64.870, 8.153, 659.900, 5052.000, 1.788, 1073494928
63467, 8.088, 65.900, 8.154, 629.700, 5420.000, 1.788, 1073494928
63540, 8.100, 65.690, 8.166, 643.700, 5318.000, 1.788, 1073494928
63611, 8.088, 62.100, 8.150, 660.200, 5338.000, 1.788, 1073494928
63683, 8.100, 65.800, 8.166, 660.900, 5190.000, 1.788, 1073494928
63755, 8.088, 65.280, 8.153, 654.500, 5292.000, 1.788, 1073494928
63827, 8.088, 66.610, 8.155, 670.200, 5424.000, 1.788, 1073494928
63900, 8.092, 64.540, 8.157, 668.200, 5404.000, 1.788, 1073494928
63971, 8.100, 66.490, 8.166, 658.300, 5332.000, 1.788, 1073494928
64043, 8.096, 66.330, 8.162, 639.000, 5170.000, 1.788, 1073494928
64115, 8.088, 66.410, 8.154, 634.300, 5128.000, 1.788, 1073494928
64187, 8.096, 64.080, 8.160, 667.300, 5400.000, 1.788, 1073494928
64260, 8.096, 62.520, 8.159, 674.400, 5456.000, 1.788, 1073494928
64331, 8.104, 65.480, 8.169, 663.800, 5378.000, 1.788, 1073494928
64403, 8.076, 69.480, 8.145, 708.100, 5712.000, 1.788, 1073494928
64475, 8.088, 65.860, 8.154, 663.700, 5364.000, 1.788, 1073494928
64547, 8.036, 82.950, 8.119, 856.000, 6874.000, 1.788, 1073494928
64620, 8.020, 82.790, 8.103, 842.800, 6606.000, 1.788, 1073494928
64691, 8.036, 81.070, 8.117, 819.600, 6574.000, 1.788, 1073494928
64763, 8.040, 76.790, 8.117, 811.900, 6386.000, 1.788, 1073494928
64835, 8.036, 78.070, 8.114, 782.700, 6340.000, 1.788, 1073494928
64907, 8.056, 78.170, 8.134, 785.800, 6220.000, 1.788, 1073494928
64979, 8.040, 79.120, 8.119, 745.800, 6088.000, 1.788, 1073494928
65051, 8.048, 78.220, 8.126, 737.900, 6312.000, 1.788, 1073494928
65123, 8.060, 74.800, 8.135, 758.700, 6108.000, 1.788, 1073494928
65195, 8.072, 74.300, 8.146, 750.500, 6046.000, 1.788, 1073494928
65267, 8.060, 75.470, 8.135, 771.300, 6210.000, 1.788, 1073494928
65340, 8.056, 76.430, 8.132, 752.500, 6062.000, 1.788, 1073494928
65411, 8.072, 71.370, 8.143, 723.800, 5832.000, 1.788, 1073494928
65483, 8.052, 73.490, 8.125, 724.000, 5832.000, 1.788, 1073494928
65555, 8.056, 76.920, 8.133, 754.900, 6082.000, 1.788, 1073494928
65627, 8.068, 72.460, 8.140, 759.200, 6114.000, 1.788, 1073494928
65699, 8.060, 73.160, 8.133, 736.900, 5938.000, 1.788, 1073494928
65771, 8.068, 74.340, 8.142, 757.400, 6102.000, 1.788, 1073494928
65843, 8.056, 73.390, 8.129, 759.700, 6122.000, 1.788, 1073494928
65915, 8.112, 60.420, 8.172, 610.000, 4944.000, 1.788, 1073494928
65987, 8.112, 61.640, 8.174, 607.200, 4916.000, 1.788, 1073494928
66060, 8.108, 60.350, 8.168, 603.400, 4994.000, 1.788, 1073494928
66131, 8.100, 60.660, 8.161, 627.600, 4908.000, 1.788, 1073494928
66203, 8.052, 74.420, 8.126, 780.200, 6040.000, 1.788, 1073494928
66275, 8.052, 76.920, 8.129, 758.300, 6010.000, 1.788, 1073494928
66347, 8.052, 77.500, 8.130, 733.900, 6380.000, 1.788, 1073494928
66420, 8.060, 75.380, 8.135, 778.200, 5986.000, 1.788, 1073494928
66491, 8.052, 73.100, 8.125, 756.700, 5958.000, 1.788, 1073494928
66563, 8.048, 76.110, 8.124, 750.300, 6046.000, 1.788, 1073494928
66635, 8.056, 74.980, 8.131, 775.400, 6248.000, 1.788, 1073494928
66707, 8.056, 74.950, 8.131, 740.900, 5974.000, 1.788, 1073494928
66779, 8.052, 74.470, 8.126, 759.400, 6118.000, 1.788, 1073494928
66851, 8.076, 68.880, 8.145, 717.000, 5780.000, 1.788, 1073494928
66923, 8.064, 75.250, 8.139, 755.700, 6086.000, 1.788, 1073494928
66995, 8.056, 75.240, 8.131, 726.100, 5860.000, 1.788, 1073494928
67067, 8.068, 74.020, 8.142, 718.200, 5796.000, 1.788, 1073494928
67140, 8.052, 75.350, 8.127, 755.000, 6082.000, 1.788, 1073494928
67211, 8.064, 73.100, 8.137, 734.800, 5918.000, 1.788, 1073494928
67283, 8.060, 69.480, 8.129, 727.200, 5850.000, 1.788, 1073494928
67355, 8.056, 72.260, 8.128, 741.400, 5976.000, 1.788, 1073494928
67427, 8.064, 71.850, 8.136, 730.400, 6108.000, 1.788, 1073494928
67499, 8.072, 71.640, 8.144, 736.700, 5976.000, 1.788, 1073494928
67571, 8.064, 72.840, 8.137, 750.900, 5876.000, 1.788, 1073494928
67643, 8.056, 74.590, 8.131, 749.700, 6076.000, 1.788, 1073494928
67715, 8.060, 74.050, 8.134, 750.700, 6010.000, 1.788, 1073494928
67787, 8.068, 72.160, 8.140, 733.700, 6040.000, 1.788, 1073494928
67859, 8.064, 72.140, 8.136, 703.800, 5796.000, 1.788, 1073494928
67931, 8.068, 71.380, 8.139, 736.700, 5934.000, 1.788, 1073494928
68003, 8.112, 59.730, 8.172, 605.300, 4908.000, 1.788, 1073494928
68075, 8.104, 59.360, 8.163, 602.700, 4886.000, 1.788, 1073494928
68147, 8.100, 61.690, 8.162, 590.500, 4784.000, 1.788, 1073494928
68219, 8.104, 61.760, 8.166, 621.500, 5034.000, 1.788, 1073494928
68291, 8.100, 63.070, 8.163, 600.400, 4860.000, 1.788, 1073494928
68363, 8.100, 64.080, 8.164, 641.600, 5190.000, 1.788, 1073494928
68435, 8.096, 63.780, 8.160, 650.300, 5262.000, 1.788, 1073494928
68507, 8.092, 64.370, 8.156, 612.700, 4964.000, 1.788, 1073494928
68579, 8.100, 62.100, 8.162, 649.500, 5256.000, 1.788, 1073494928
68651, 8.096, 64.430, 8.160, 631.300, 5112.000, 1.788, 1073494928
68723, 8.092, 64.970, 8.157, 641.200, 5226.000, 1.788, 1073494928
68795, 8.092, 63.350, 8.155, 650.200, 5272.000, 1.788, 1073494928
68867, 8.088, 65.020, 8.153, 642.000, 5384.000, 1.788, 1073494928
68939, 8.096, 65.460, 8.161, 650.800, 5348.000, 1.788, 1073494928
69011, 8.088, 65.260, 8.153, 643.600, 5266.000, 1.788, 1073494928
69083, 8.116, 60.240, 8.176, 580.100, 4876.000, 1.788, 1073494928
69155, 8.088, 63.820, 8.152, 625.500, 5190.000, 1.788, 1073494928
69227, 8.088, 67.400, 8.155, 681.000, 5426.000, 1.788, 1073494928
69299, 8.096, 64.880, 8.161, 651.000, 5270.000, 1.788, 1073494928
69371, 8.096, 67.060, 8.163, 671.000, 5424.000, 1.788, 1073494928
69443, 8.096, 67.020, 8.163, 650.400, 5260.000, 1.788, 1073494928
69515, 8.084, 68.280, 8.152, 654.300, 5292.000, 1.788, 1073494928
69587, 8.096, 67.810, 8.164, 675.000, 5460.000, 1.788, 1073494928
69659, 8.084, 67.810, 8.152, 679.100, 5488.000, 1.788, 1073494928
69731, 8.084, 67.750, 8.152, 675.900, 5462.000, 1.788, 1073494928
69803, 8.072, 68.140, 8.140, 676.200, 5462.000, 1.788, 1073494928
69875, 8.076, 66.960, 8.143, 700.600, 5662.000, 1.788, 1073494928
69947, 8.084, 69.370, 8.153, 693.100, 5604.000, 1.788, 1073494928
70019, 8.072, 65.000, 8.137, 666.200, 5384.000, 1.788, 1073494928
70091, 8.084, 64.160, 8.148, 673.100, 5394.000, 1.788, 1073494928
70163, 8.080, 67.010, 8.147, 693.900, 5616.000, 1.788, 1073494928
70235, 8.084, 65.720, 8.150, 636.100, 5252.000, 1.788, 1073494928
70307, 8.088, 64.210, 8.152, 650.000, 5462.000, 1.788, 1073494928
70379, 8.088, 63.620, 8.152, 671.200, 5434.000, 1.788, 1073494928
70451, 8.040, 82.310, 8.122, 848.700, 6826.000, 1.788, 1073494928
70523, 8.028, 83.640, 8.112, 831.300, 6770.000, 1.788, 1073494928
70595, 8.028, 81.620, 8.110, 819.300, 6580.000, 1.788, 1073494928
70667, 8.036, 81.210, 8.117, 770.500, 6210.000, 1.788, 1073494928
70739, 8.040, 79.400, 8.119, 771.800, 6216.000, 1.788, 1073494928
70811, 8.044, 79.300, 8.123, 783.000, 6294.000, 1.788, 1073494928
70883, 8.056, 75.030, 8.131, 761.700, 6138.000, 1.788, 1073494928
70955, 8.048, 77.200, 8.125, 805.400, 6472.000, 1.788, 1073494928
71027, 8.052, 76.120, 8.128, 736.500, 5934.000, 1.788, 1073494928
71099, 8.056, 76.540, 8.133, 758.000, 6104.000, 1.788, 1073494928
71171, 8.052, 73.730, 8.126, 790.500, 6364.000, 1.788, 1073494928
71243, 8.048, 76.920, 8.125, 778.500, 6262.000, 1.788, 1073494928
71315, 8.056, 77.090, 8.133, 779.200, 6276.000, 1.788, 1073494928
71387, 8.108, 61.360, 8.169, 619.700, 4912.000, 1.788, 1073494928
71459, 8.092, 59.510, 8.152, 630.200, 4908.000, 1.788, 1073494928
71531, 8.092, 62.380, 8.154, 640.500, 4906.000, 1.788, 1073494928
71603, 8.100, 63.640, 8.164, 581.000, 5142.000, 1.788, 1073494928
71675, 8.104, 60.070, 8.164, 627.100, 5250.000, 1.788, 1073494928
71747, 8.096, 66.300, 8.162, 635.500, 5200.000, 1.788, 1073494928
71819, 8.096, 65.020, 8.161, 648.300, 5224.000, 1.788, 1073494928
71891, 8.088, 64.370, 8.152, 642.300, 5200.000, 1.788, 1073494928
71963, 8.096, 63.710, 8.160, 646.600, 5234.000, 1.788, 1073494928
72035, 8.092, 65.630, 8.158, 647.600, 5236.000, 1.788, 1073494928
72107, 8.088, 63.940, 8.152, 674.800, 5452.000, 1.788, 1073494928
72179, 8.084, 67.310, 8.151, 668.100, 5400.000, 1.788, 1073494928
72251, 8.028, 84.020, 8.112, 858.600, 6878.000, 1.788, 1073494928
72323, 8.088, 64.740, 8.153, 638.400, 5168.000, 1.788, 1073494928
72395, 8.048, 79.350, 8.127, 790.900, 6360.000, 1.788, 1073494928
72467, 8.060, 75.700, 8.136, 823.100, 6616.000, 1.788, 1073494928
72539, 8.048, 77.180, 8.125, 768.100, 6180.000, 1.788, 1073494928
72611, 8.060, 76.420, 8.136, 785.700, 6324.000, 1.788, 1073494928
72683, 8.036, 82.750, 8.119, 768.900, 6560.000, 1.788, 1073494928
72755, 8.096, 63.260, 8.159, 641.300, 4922.000, 1.788, 1073494928
72827, 8.028, 82.840, 8.111, 789.600, 6616.000, 1.788, 1073494928
72899, 8.048, 72.810, 8.121, 794.700, 6108.000, 1.788, 1073494928
72971, 8.052, 76.430, 8.128, 784.500, 6036.000, 1.788, 1073494928
73043, 8.060, 77.520, 8.138, 774.800, 6314.000, 1.788, 1073494928
73115, 8.044, 73.900, 8.118, 776.200, 6184.000, 1.788, 1073494928
73187, 8.048, 78.290, 8.126, 737.700, 5940.000, 1.788, 1073494928
73259, 8.044, 75.180, 8.119, 729.900, 5882.000, 1.788, 1073494928
73331, 8.036, 79.500, 8.116, 791.900, 6370.000, 1.788, 1073494928
73403, 8.052, 74.000, 8.126, 748.400, 6026.000, 1.788, 1073494928
73475, 8.068, 72.390, 8.140, 746.500, 6016.000, 1.788, 1073494928
73547, 8.100, 62.140, 8.162, 625.900, 5076.000, 1.788, 1073494928
73619, 8.104, 62.220, 8.166, 622.900, 5052.000, 1.788, 1073494928
73691, 8.096, 62.060, 8.158, 632.200, 5118.000, 1.788, 1073494928
73763, 8.096, 62.920, 8.159, 634.600, 5142.000, 1.788, 1073494928
73835, 8.104, 63.300, 8.167, 629.500, 5096.000, 1.788, 1073494928
73907, 8.092, 63.380, 8.155, 645.100, 5216.000, 1.788, 1073494928
73979, 8.088, 64.550, 8.153, 632.100, 5144.000, 1.788, 1073494928
74051, 8.088, 64.910, 8.153, 654.200, 5316.000, 1.788, 1073494928
74123, 8.088, 64.450, 8.152, 621.200, 5204.000, 1.788, 1073494928
74195, 8.088, 62.590, 8.151, 657.200, 5174.000, 1.788, 1073494928
74267, 8.092, 64.830, 8.157, 657.300, 5194.000, 1.788, 1073494928
74339, 8.096, 62.610, 8.159, 646.700, 5226.000, 1.788, 1073494928
74411, 8.096, 62.690, 8.159, 640.600, 5102.000, 1.788, 1073494928
74483, 8.084, 66.920, 8.151, 664.200, 5370.000, 1.788, 1073494928
74555, 8.088, 65.370, 8.153, 640.400, 5180.000, 1.788, 1073494928
74627, 8.084, 64.880, 8.149, 653.300, 5286.000, 1.788, 1073494928
74699, 8.096, 62.760, 8.159, 627.800, 5086.000, 1.788, 1073494928
74771, 8.096, 62.240, 8.158, 655.900, 5312.000, 1.788, 1073494928
74843, 8.092, 67.850, 8.160, 667.200, 5400.000, 1.788, 1073494928
74915, 8.092, 65.480, 8.157, 640.500, 5180.000, 1.788, 1073494928
74987, 8.088, 64.640, 8.153, 633.100, 5122.000, 1.788, 1073494928
75059, 8.088, 64.940, 8.153, 661.900, 5354.000, 1.788, 1073494928
75131, 8.084, 63.540, 8.148, 628.600, 5086.000, 1.788, 1073494928
75203, 8.088, 62.850, 8.151, 650.400, 5266.000, 1.788, 1073494928
75275, 8.088, 64.160, 8.152, 618.500, 5414.000, 1.788, 1073494928
75347, 8.092, 61.490, 8.153, 677.800, 5342.000, 1.788, 1073494928
75419, 8.092, 64.550, 8.157, 648.300, 5302.000, 1.788, 1073494928
75491, 8.092, 63.950, 8.156, 660.900, 5390.000, 1.788, 1073494928
75563, 8.088, 65.280, 8.153, 650.100, 5000.000, 1.788, 1073494928
75635, 8.028, 81.310, 8.109, 821.200, 6684.000, 1.788, 1073494928
75707, 8.044, 75.800, 8.120, 787.400, 6338.000, 1.788, 1073494928
75779, 8.036, 76.190, 8.112, 832.500, 6692.000, 1.788, 1073494928
75851, 8.048, 79.480, 8.127, 790.800, 6360.000, 1.788, 1073494928
75923, 8.052, 76.980, 8.129, 780.200, 6272.000, 1.788, 1073494928
75995, 8.044, 77.000, 8.121, 758.800, 6112.000, 1.788, 1073494928
76067, 8.040, 76.500, 8.116, 729.400, 5876.000, 1.788, 1073494928
76139, 8.100, 60.190, 8.160, 637.400, 5164.000, 1.788, 1073494928
76211, 8.100, 61.420, 8.161, 632.900, 5128.000, 1.788, 1073494928
76283, 8.100, 58.620, 8.159, 611.200, 4952.000, 1.788, 1073494928
76355, 8.092, 63.900, 8.156, 647.800, 5242.000, 1.788, 1073494928
76427, 8.088, 64.260, 8.152, 642.100, 5194.000, 1.788, 1073494928
76499, 8.096, 61.620, 8.158, 641.600, 5198.000, 1.788, 1073494928
76571, 8.092, 61.230, 8.153, 658.400, 5198.000, 1.788, 1073494928
76643, 8.088, 65.120, 8.153, 658.700, 5234.000, 1.788, 1073494928
76715, 8.092, 64.980, 8.157, 638.100, 4974.000, 1.788, 1073494928
76787, 8.088, 62.720, 8.151, 658.700, 5142.000, 1.788, 1073494928
76859, 8.092, 63.680, 8.156, 650.400, 5256.000, 1.788, 1073494928
76931, 8.104, 65.350, 8.169, 638.000, 5098.000, 1.788, 1073494928
77003, 8.088, 65.670, 8.154, 627.500, 5076.000, 1.788, 1073494928
77075, 8.092, 65.670, 8.158, 630.400, 5098.000, 1.788, 1073494928
77147, 8.084, 64.110, 8.148, 645.100, 5216.000, 1.788, 1073494928
77219, 8.088, 63.650, 8.152, 658.100, 5328.000, 1.788, 1073494928
77291, 8.104, 64.770, 8.169, 634.300, 5132.000, 1.788, 1073494928
77363, 8.088, 65.300, 8.153, 634.100, 5132.000, 1.788, 1073494928
77435, 8.096, 65.450, 8.161, 665.900, 5384.000, 1.788, 1073494928
77507, 8.088, 62.410, 8.150, 624.600, 5052.000, 1.788, 1073494928
77579, 8.092, 62.030, 8.154, 635.300, 5144.000, 1.788, 1073494928
77651, 8.088, 66.050, 8.154, 657.100, 5316.000, 1.788, 1073494928
77723, 8.088, 63.710, 8.152, 629.600, 5128.000, 1.788, 1073494928
77795, 8.084, 65.810, 8.150, 661.300, 5430.000, 1.788, 1073494928
77867, 8.092, 64.990, 8.157, 636.600, 5096.000, 1.788, 1073494928
77939, 8.084, 66.700, 8.151, 665.300, 5154.000, 1.788, 1073494928
78011, 8.080, 66.570, 8.147, 674.000, 5388.000, 1.788, 1073494928
78083, 8.084, 66.460, 8.150, 660.500, 5200.000, 1.788, 1073494928
78155, 8.088, 66.320, 8.154, 660.600, 5348.000, 1.788, 1073494928
78227, 8.072, 67.390, 8.139, 693.100, 5604.000, 1.788, 1073494928
78299, 8.080, 65.560, 8.146, 664.900, 5374.000, 1.788, 1073494928
78371, 8.076, 67.910, 8.144, 651.100, 5260.000, 1.788, 1073494928
78443, 8.084, 64.030, 8.148, 635.600, 5134.000, 1.788, 1073494928
78515, 8.020, 81.390, 8.101, 845.200, 6792.000, 1.788, 1073494928
78587, 8.040, 77.470, 8.117, 807.100, 6488.000, 1.788, 1073494928
78659, 8.032, 81.150, 8.113, 830.200, 6666.000, 1.788, 1073494928
78731, 8.028, 80.840, 8.109, 794.700, 6386.000, 1.788, 1073494928
78803, 8.048, 76.250, 8.124, 764.300, 6158.000, 1.788, 1073494928
78875, 8.044, 75.510, 8.120, 744.200, 6190.000, 1.788, 1073494928
78947, 8.060, 76.640, 8.137, 761.900, 5872.000, 1.788, 1073494928
79019, 8.060, 72.000, 8.132, 760.800, 5980.000, 1.788, 1073494928
79091, 8.044, 74.190, 8.118, 724.700, 6086.000, 1.788, 1073494928
79163, 8.060, 73.030, 8.133, 752.900, 6004.000, 1.788, 1073494928
79235, 8.044, 75.610, 8.120, 757.400, 6032.000, 1.788, 1073494928
79307, 8.044, 74.850, 8.119, 785.400, 6324.000, 1.788, 1073494928
79379, 8.056, 73.040, 8.129, 766.300, 6174.000, 1.788, 1073494928
79451, 8.068, 74.050, 8.142, 726.500, 5856.000, 1.788, 1073494928
79523, 8.056, 71.330, 8.127, 709.700, 5724.000, 1.788, 1073494928
79595, 8.052, 74.870, 8.127, 769.200, 6194.000, 1.788, 1073494928
79667, 8.056, 73.200, 8.129, 726.200, 5846.000, 1.788, 1073494928
79739, 8.072, 69.200, 8.141, 749.100, 6042.000, 1.788, 1073494928
79811, 8.052, 74.700, 8.127, 740.700, 5964.000, 1.788, 1073494928
79883, 8.044, 72.460, 8.116, 732.300, 5898.000, 1.788, 1073494928
79955, 8.060, 71.150, 8.131, 752.400, 6072.000, 1.788, 1073494928
80027, 8.092, 60.400, 8.152, 613.500, 4958.000, 1.788, 1073494928
80099, 8.060, 74.700, 8.135, 743.800, 5790.000, 1.788, 1073494928
80171, 8.056, 73.620, 8.130, 708.600, 5954.000, 1.788, 1073494928
80243, 8.060, 71.300, 8.131, 733.200, 5912.000, 1.788, 1073494928
80315, 8.056, 73.350, 8.129, 757.600, 5872.000, 1.788, 1073494928
80387, 8.064, 71.530, 8.136, 735.000, 6006.000, 1.788, 1073494928
80459, 8.056, 74.140, 8.130, 733.400, 5686.000, 1.788, 1073494928
80531, 8.064, 70.930, 8.135, 711.700, 5734.000, 1.788, 1073494928
80603, 8.060, 71.950, 8.132, 726.700, 5856.000, 1.788, 1073494928
80675, 8.060, 72.580, 8.133, 718.500, 5786.000, 1.788, 1073494928
80747, 8.060, 70.580, 8.131, 702.800, 5668.000, 1.788, 1073494928
80819, 8.068, 72.210, 8.140, 746.600, 6016.000, 1.788, 1073494928
80891, 8.060, 71.090, 8.131, 704.600, 5682.000, 1.788, 1073494928
80963, 8.068, 70.800, 8.139, 742.800, 5984.000, 1.788, 1073494928
81035, 8.064, 72.120, 8.136, 732.800, 5912.000, 1.788, 1073494928
81107, 8.060, 70.780, 8.131, 726.200, 5852.000, 1.788, 1073494928
81179, 8.056, 70.850, 8.127, 746.200, 6022.000, 1.788, 1073494928
81251, 8.068, 71.740, 8.140, 739.100, 5892.000, 1.788, 1073494928
81323, 8.060, 69.780, 8.130, 720.100, 5860.000, 1.788, 1073494928
81395, 8.052, 76.270, 8.128, 752.100, 5822.000, 1.788, 1073494928
81467, 8.076, 72.830, 8.149, 699.900, 5830.000, 1.788, 1073494928
81539, 8.072, 72.800, 8.145, 713.600, 5796.000, 1.788, 1073494928
81611, 8.060, 73.160, 8.133, 725.800, 5816.000, 1.788, 1073494928
81683, 8.068, 72.240, 8.140, 721.300, 5814.000, 1.788, 1073494928
81755, 8.056, 69.950, 8.126, 715.100, 5764.000, 1.788, 1073494928
81827, 8.060, 73.070, 8.133, 723.200, 5822.000, 1.788, 1073494928
81899, 8.100, 62.220, 8.162, 607.000, 4916.000, 1.788, 1073494928
81971, 8.104, 58.710, 8.163, 617.300, 5004.000, 1.788, 1073494928
82043, 8.100, 57.910, 8.158, 606.800, 4918.000, 1.788, 1073494928
82115, 8.108, 59.620, 8.168, 606.300, 4918.000, 1.788, 1073494928
82187, 8.108, 61.090, 8.169, 653.000, 5282.000, 1.788, 1073494928
82259, 8.100, 59.880, 8.160, 655.200, 5298.000, 1.788, 1073494928
82331, 8.100, 61.730, 8.162, 604.100, 4896.000, 1.788, 1073494928
82403, 8.092, 64.740, 8.157, 636.400, 5148.000, 1.788, 1073494928
82475, 8.084, 65.350, 8.149, 652.700, 5200.000, 1.788, 1073494928
82547, 8.088, 61.780, 8.150, 647.100, 5144.000, 1.788, 1073494928
82619, 8.084, 64.320, 8.148, 661.000, 5394.000, 1.788, 1073494928
82691, 8.108, 61.890, 8.170, 626.800, 5024.000, 1.788, 1073494928
82763, 8.084, 65.400, 8.149, 654.900, 5292.000, 1.788, 1073494928
82835, 8.080, 64.410, 8.144, 637.600, 5158.000, 1.788, 1073494928
82907, 8.088, 63.550, 8.152, 664.500, 5374.000, 1.788, 1073494928
82979, 8.096, 64.420, 8.160, 628.500, 5086.000, 1.788, 1073494928
83051, 8.088, 63.310, 8.151, 658.100, 5322.000, 1.788, 1073494928
83123, 8.088, 65.110, 8.153, 664.600, 5374.000, 1.788, 1073494928
83195, 8.084, 66.940, 8.151, 666.900, 5388.000, 1.788, 1073494928
83267, 8.076, 67.070, 8.143, 651.100, 5266.000, 1.788, 1073494928
83339, 8.076, 67.080, 8.143, 674.500, 5450.000, 1.788, 1073494928
83411, 8.084, 64.280, 8.148, 649.300, 5250.000, 1.788, 1073494928
83483, 8.088, 63.730, 8.152, 625.400, 4928.000, 1.788, 1073494928
83555, 8.088, 66.430, 8.154, 660.000, 5240.000, 1.788, 1073494928
83627, 8.100, 64.810, 8.165, 647.600, 5260.000, 1.788, 1073494928
83699, 8.084, 66.150, 8.150, 662.200, 5378.000, 1.788, 1073494928
83771, 8.084, 66.020, 8.150, 666.200, 5374.000, 1.788, 1073494928
83843, 8.084, 64.010, 8.148, 658.300, 5220.000, 1.788, 1073494928
83915, 8.080, 66.750, 8.147, 643.400, 5452.000, 1.788, 1073494928
83987, 8.088, 63.970, 8.152, 637.800, 5158.000, 1.788, 1073494928
84059, 8.072, 70.060, 8.142, 696.000, 5620.000, 1.788, 1073494928
84131, 8.072, 67.550, 8.140, 643.700, 5198.000, 1.788, 1073494928
84203, 8.092, 65.380, 8.157, 622.600, 5036.000, 1.788, 1073494928
84275, 8.080, 66.150, 8.146, 680.900, 5506.000, 1.788, 1073494928
84347, 8.084, 65.920, 8.150, 658.800, 5324.000, 1.788, 1073494928
84419, 8.024, 80.290, 8.104, 830.600, 6682.000, 1.788, 1073494928
84491, 8.036, 80.120, 8.116, 806.200, 6478.000, 1.788, 1073494928
84563, 8.040, 78.280, 8.118, 802.200, 6446.000, 1.788, 1073494928
84635, 8.024, 81.820, 8.106, 829.600, 6646.000, 1.788, 1073494928
84707, 8.040, 79.230, 8.119, 781.800, 6256.000, 1.788, 1073494928
84779, 8.040, 76.150, 8.116, 773.500, 6094.000, 1.788, 1073494928
84851, 8.048, 75.290, 8.123, 772.400, 6150.000, 1.788, 1073494928
84923, 8.052, 75.070, 8.127, 758.800, 6186.000, 1.788, 1073494928
84995, 8.056, 75.620, 8.132, 754.300, 5934.000, 1.788, 1073494928
85067, 8.056, 75.910, 8.132, 742.300, 5974.000, 1.788, 1073494928
85139, 8.052, 75.320, 8.127, 726.800, 5852.000, 1.788, 1073494928
85212, 8.048, 72.850, 8.121, 751.700, 6050.000, 1.788, 1073494928
85283, 8.060, 72.430, 8.132, 722.800, 5822.000, 1.788, 1073494928
85355, 8.056, 71.680, 8.128, 720.500, 5800.000, 1.788, 1073494928
85427, 8.092, 60.320, 8.152, 606.500, 4918.000, 1.788, 1073494928
85499, 8.100, 59.560, 8.160, 609.000, 4932.000, 1.788, 1073494928
85571, 8.100, 61.110, 8.161, 580.800, 4702.000, 1.788, 1073494928
85643, 8.096, 62.770, 8.159, 602.500, 4880.000, 1.788, 1073494928
85715, 8.092, 65.240, 8.157, 658.400, 5318.000, 1.788, 1073494928
85787, 8.076, 67.210, 8.143, 676.100, 5452.000, 1.788, 1073494928
85859, 8.088, 62.660, 8.151, 645.600, 5010.000, 1.788, 1073494928
85931, 8.084, 64.630, 8.149, 655.700, 5272.000, 1.788, 1073494928
86003, 8.084, 64.510, 8.149, 653.700, 5234.000, 1.788, 1073494928
86075, 8.092, 61.270, 8.153, 603.100, 5142.000, 1.788, 1073494928
86147, 8.088, 65.200, 8.153, 655.600, 5282.000, 1.788, 1073494928
86219, 8.084, 62.820, 8.147, 631.900, 5106.000, 1.788, 1073494928
86291, 8.096, 63.440, 8.159, 634.000, 5132.000, 1.788, 1073494928
86363, 8.080, 64.120, 8.144, 660.900, 5342.000, 1.788, 1073494928
86436, 8.040, 80.590, 8.121, 822.500, 6610.000, 1.788, 1073494928
86507, 8.044, 75.270, 8.119, 771.800, 6206.000, 1.788, 1073494928
86579, 8.032, 84.550, 8.117, 816.300, 6554.000, 1.788, 1073494928
86651, 8.044, 78.470, 8.122, 796.900, 6410.000, 1.788, 1073494928
86723, 8.000, 87.440, 8.087, 877.500, 7036.000, 1.788, 1073494928
86795, 8.048, 74.840, 8.123, 757.000, 6094.000, 1.788, 1073494928
86867, 8.044, 76.710, 8.121, 755.400, 6072.000, 1.788, 1073494928
86939, 8.052, 72.400, 8.124, 762.500, 6150.000, 1.788, 1073494928
87011, 8.044, 73.770, 8.118, 773.400, 6140.000, 1.788, 1073494928
87083, 8.060, 75.550, 8.136, 750.900, 6210.000, 1.788, 1073494928
87155, 8.048, 73.870, 8.122, 752.400, 6124.000, 1.788, 1073494928
87227, 8.052, 71.750, 8.124, 710.900, 5744.000, 1.788, 1073494928
87299, 8.060, 70.560, 8.131, 710.700, 5744.000, 1.788, 1073494928
87371, 8.048, 70.670, 8.119, 752.800, 6062.000, 1.788, 1073494928
87443, 8.048, 76.320, 8.124, 759.400, 6118.000, 1.788, 1073494928
87515, 8.100, 62.250, 8.162, 609.500, 4932.000, 1.788, 1073494928
87587, 8.084, 60.760, 8.145, 600.300, 4860.000, 1.788, 1073494928
87659, 8.096, 62.610, 8.159, 624.700, 5050.000, 1.788, 1073494928
87731, 8.088, 62.500, 8.151, 643.600, 5206.000, 1.788, 1073494928
87803, 8.092, 60.500, 8.153, 618.100, 5000.000, 1.788, 1073494928
87875, 8.084, 63.520, 8.148, 648.700, 5250.000, 1.788, 1073494928
87947, 8.092, 65.020, 8.157, 612.700, 4962.000, 1.788, 1073494928
88019, 8.088, 64.240, 8.152, 619.800, 5292.000, 1.788, 1073494928
88091, 8.084, 65.330, 8.149, 656.200, 5044.000, 1.788, 1073494928
88163, 8.080, 65.250, 8.145, 637.800, 5292.000, 1.788, 1073494928
88235, 8.084, 62.260, 8.146, 631.600, 5266.000, 1.788, 1073494928
88307, 8.100, 62.900, 8.163, 637.400, 5170.000, 1.788, 1073494928
88379, 8.080, 62.800, 8.143, 631.000, 5168.000, 1.788, 1073494928
88451, 8.092, 63.510, 8.156, 615.400, 5148.000, 1.788, 1073494928
88523, 8.092, 65.840, 8.158, 650.100, 5260.000, 1.788, 1073494928
88595, 8.080, 67.250, 8.147, 630.000, 5086.000, 1.788, 1073494928
88667, 8.096, 59.050, 8.155, 619.400, 5004.000, 1.788, 1073494928
88739, 8.100, 62.420, 8.162, 634.300, 5132.000, 1.788, 1073494928
88811, 8.096, 60.120, 8.156, 631.300, 5106.000, 1.788, 1073494928
88883, 8.084, 65.070, 8.149, 671.100, 5426.000, 1.788, 1073494928
88955, 8.080, 65.840, 8.146, 664.400, 5378.000, 1.788, 1073494928
89027, 8.088, 62.060, 8.150, 629.500, 5096.000, 1.788, 1073494928
89099, 8.096, 60.460, 8.156, 626.300, 4998.000, 1.788, 1073494928
89171, 8.080, 65.900, 8.146, 666.100, 5116.000, 1.788, 1073494928
89243, 8.088, 62.560, 8.151, 648.900, 5318.000, 1.788, 1073494928
89315, 8.088, 61.970, 8.150, 603.300, 5154.000, 1.788, 1073494928
89387, 8.092, 62.500, 8.155, 637.700, 5086.000, 1.788, 1073494928
89459, 8.080, 66.500, 8.146, 647.400, 5306.000, 1.788, 1073494928
89531, 8.088, 60.840, 8.149, 637.200, 4978.000, 1.788, 1073494928
89603, 8.096, 62.120, 8.158, 633.100, 5122.000, 1.788, 1073494928
89675, 8.028, 78.910, 8.107, 787.600, 6324.000, 1.788, 1073494928
89747, 8.024, 81.180, 8.105, 791.000, 6360.000, 1.788, 1073494928
89819, 8.040, 74.180, 8.114, 793.600, 6380.000, 1.788, 1073494928
89891, 8.068, 72.960, 8.141, 746.900, 6016.000, 1.788, 1073494928
89963, 8.056, 76.020, 8.132, 776.500, 6256.000, 1.788, 1073494928
90036, 8.048, 72.950, 8.121, 751.500, 6056.000, 1.788, 1073494928
90107, 8.056, 71.840, 8.128, 754.700, 6078.000, 1.788, 1073494928
90179, 8.044, 75.460, 8.119, 766.400, 5868.000, 1.788, 1073494928
90251, 8.100, 56.870, 8.157, 606.400, 4854.000, 1.788, 1073494928
90323, 8.100, 60.970, 8.161, 609.500, 4744.000, 1.788, 1073494928
90395, 8.092, 65.340, 8.157, 629.700, 5220.000, 1.788, 1073494928
90467, 8.092, 60.340, 8.152, 634.100, 5328.000, 1.788, 1073494928
90539, 8.092, 65.310, 8.157, 636.700, 5180.000, 1.788, 1073494928
90611, 8.088, 62.930, 8.151, 621.000, 4962.000, 1.788, 1073494928
90683, 8.084, 64.710, 8.149, 661.300, 5348.000, 1.788, 1073494928
90756, 8.084, 64.790, 8.149, 653.600, 5282.000, 1.788, 1073494928
90827, 8.092, 59.700, 8.152, 644.400, 5210.000, 1.788, 1073494928
90899, 8.084, 65.460, 8.149, 656.600, 5312.000, 1.788, 1073494928
90971, 8.096, 62.880, 8.159, 612.800, 4958.000, 1.788, 1073494928
91043, 8.092, 59.460, 8.151, 635.000, 5134.000, 1.788, 1073494928
91116, 8.092, 65.030, 8.157, 662.700, 5364.000, 1.788, 1073494928
91187, 8.080, 63.600, 8.144, 634.800, 5128.000, 1.788, 1073494928
91259, 8.080, 62.090, 8.142, 662.600, 5122.000, 1.788, 1073494928
91331, 8.100, 63.260, 8.163, 638.800, 5158.000, 1.788, 1073494928
91403, 8.092, 60.330, 8.152, 618.000, 5106.000, 1.788, 1073494928
91475, 8.088, 65.500, 8.154, 642.900, 5318.000, 1.788, 1073494928
91547, 8.092, 61.170, 8.153, 646.400, 5132.000, 1.788, 1073494928
91619, 8.084, 63.120, 8.147, 635.800, 5014.000, 1.788, 1073494928
91691, 8.080, 66.230, 8.146, 641.800, 5188.000, 1.788, 1073494928
91763, 8.088, 67.550, 8.156, 672.900, 5436.000, 1.788, 1073494928
91835, 8.080, 65.030, 8.145, 661.200, 5342.000, 1.788, 1073494928
91907, 8.096, 62.570, 8.159, 625.300, 5056.000, 1.788, 1073494928
91979, 8.084, 65.900, 8.150, 668.100, 5396.000, 1.788, 1073494928
92051, 8.084, 66.680, 8.151, 634.500, 5126.000, 1.788, 1073494928
92123, 8.080, 65.880, 8.146, 649.600, 5246.000, 1.788, 1073494928
92195, 8.080, 67.010, 8.147, 663.300, 5358.000, 1.788, 1073494928
92267, 8.084, 61.280, 8.145, 675.000, 5450.000, 1.788, 1073494928
92339, 8.088, 63.500, 8.152, 638.300, 5174.000, 1.788, 1073494928
92411, 8.080, 67.250, 8.147, 658.100, 5396.000, 1.788, 1073494928
92483, 8.056, 71.180, 8.127, 710.700, 5960.000, 1.788, 1073494928
92555, 8.076, 66.580, 8.143, 675.700, 5456.000, 1.788, 1073494928
92627, 8.072, 67.950, 8.140, 665.600, 5234.000, 1.788, 1073494928
92699, 8.040, 81.160, 8.121, 812.000, 6384.000, 1.788, 1073494928
92771, 8.036, 81.060, 8.117, 805.600, 6468.000, 1.788, 1073494928
92843, 8.028, 81.000, 8.109, 794.700, 6386.000, 1.788, 1073494928
92915, 8.036, 79.390, 8.115, 778.700, 6258.000, 1.788, 1073494928
92987, 8.036, 77.570, 8.114, 749.900, 6032.000, 1.788, 1073494928
93059, 8.056, 77.230, 8.133, 771.500, 6204.000, 1.788, 1073494928
93131, 8.040, 72.590, 8.113, 735.700, 5918.000, 1.788, 1073494928
93203, 8.052, 75.070, 8.127, 746.800, 6006.000, 1.788, 1073494928
93275, 8.052, 71.590, 8.124, 777.700, 6258.000, 1.788, 1073494928
93347, 8.056, 76.400, 8.132, 730.000, 5872.000, 1.788, 1073494928
93419, 8.044, 71.070, 8.115, 762.600, 5774.000, 1.788, 1073494928
93491, 8.044, 75.990, 8.120, 746.500, 6036.000, 1.788, 1073494928
93563, 8.048, 73.390, 8.121, 759.400, 6078.000, 1.788, 1073494928
93635, 8.056, 73.670, 8.130, 726.000, 5996.000, 1.788, 1073494928
93707, 8.052, 70.340, 8.122, 709.700, 6088.000, 1.788, 1073494928
93779, 8.056, 73.700, 8.130, 743.700, 5986.000, 1.788, 1073494928
93851, 8.060, 75.700, 8.136, 740.900, 5974.000, 1.788, 1073494928
93923, 8.048, 72.460, 8.120, 742.400, 5984.000, 1.788, 1073494928
93995, 8.056, 74.530, 8.131, 730.800, 5892.000, 1.788, 1073494928
94067, 8.048, 72.500, 8.121, 751.400, 6052.000, 1.788, 1073494928
94139, 8.052, 73.730, 8.126, 728.800, 5876.000, 1.788, 1073494928
94211, 8.108, 58.160, 8.166, 598.000, 4844.000, 1.788, 1073494928
94283, 8.040, 74.030, 8.114, 750.800, 6040.000, 1.788, 1073494928
94356, 8.060, 72.160, 8.132, 727.800, 5862.000, 1.788, 1073494928
94427, 8.068, 72.600, 8.141, 739.200, 5698.000, 1.788, 1073494928
94499, 8.060, 72.130, 8.132, 736.600, 5804.000, 1.788, 1073494928
94571, 8.044, 75.830, 8.120, 725.200, 6112.000, 1.788, 1073494928
94643, 8.060, 72.460, 8.132, 744.600, 5616.000, 1.788, 1073494928
94715, 8.052, 72.080, 8.124, 734.700, 5928.000, 1.788, 1073494928
94787, 8.064, 73.830, 8.138, 705.400, 5918.000, 1.788, 1073494928
94859, 8.060, 72.320, 8.132, 714.200, 5744.000, 1.788, 1073494928
94931, 8.056, 74.750, 8.131, 729.000, 5868.000, 1.788, 1073494928
95003, 8.064, 70.860, 8.135, 730.300, 5882.000, 1.788, 1073494928
95075, 8.048, 72.680, 8.121, 722.000, 5816.000, 1.788, 1073494928
95147, 8.048, 73.140, 8.121, 717.900, 5784.000, 1.788, 1073494928
95219, 8.056, 71.310, 8.127, 739.900, 5968.000, 1.788, 1073494928
95291, 8.056, 71.650, 8.128, 695.100, 5600.000, 1.788, 1073494928
95363, 8.048, 69.140, 8.117, 714.200, 5760.000, 1.788, 1073494928
95435, 8.052, 73.110, 8.125, 711.800, 5738.000, 1.788, 1073494928
95507, 8.056, 71.850, 8.128, 736.600, 5642.000, 1.788, 1073494928
95579, 8.064, 70.170, 8.134, 702.100, 5862.000, 1.788, 1073494928
95651, 8.052, 70.270, 8.122, 738.300, 5596.000, 1.788, 1073494928
95723, 8.052, 72.990, 8.125, 687.400, 5620.000, 1.788, 1073494928
95795, 8.052, 70.600, 8.123, 723.600, 5976.000, 1.788, 1073494928
95867, 8.060, 70.730, 8.131, 729.100, 5872.000, 1.788, 1073494928
95939, 8.060, 74.820, 8.135, 716.000, 5770.000, 1.788, 1073494928
96011, 8.056, 69.560, 8.126, 705.300, 5686.000, 1.788, 1073494928
96083, 8.060, 72.890, 8.133, 717.600, 5778.000, 1.788, 1073494928
96155, 8.104, 57.540, 8.162, 587.300, 4762.000, 1.788, 1073494928
96227, 8.108, 58.760, 8.167, 580.500, 4702.000, 1.788, 1073494928
96299, 8.100, 57.940, 8.158, 598.500, 4846.000, 1.788, 1073494928
96371, 8.092, 61.950, 8.154, 592.300, 4794.000, 1.788, 1073494928
96443, 8.088, 62.590, 8.151, 602.500, 4876.000, 1.788, 1073494928
96515, 8.080, 64.610, 8.145, 656.300, 5298.000, 1.788, 1073494928
96587, 8.088, 62.730, 8.151, 631.400, 4962.000, 1.788, 1073494928
96659, 8.100, 62.370, 8.162, 611.600, 5108.000, 1.788, 1073494928
96731, 8.088, 64.270, 8.152, 654.700, 5442.000, 1.788, 1073494928
96803, 8.092, 59.680, 8.152, 618.100, 4994.000, 1.788, 1073494928
96875, 8.084, 63.380, 8.147, 651.200, 5200.000, 1.788, 1073494928
96947, 8.088, 62.710, 8.151, 633.100, 5122.000, 1.788, 1073494928
97019, 8.088, 65.590, 8.154, 641.700, 5184.000, 1.788, 1073494928
97091, 8.084, 65.760, 8.150, 664.500, 5368.000, 1.788, 1073494928
97163, 8.080, 63.470, 8.143, 670.700, 5416.000, 1.788, 1073494928
97235, 8.080, 66.760, 8.147, 663.700, 5354.000, 1.788, 1073494928
97307, 8.088, 64.310, 8.152, 605.100, 4892.000, 1.788, 1073494928
97380, 8.096, 61.420, 8.157, 632.400, 5118.000, 1.788, 1073494928
97451, 8.088, 65.720, 8.154, 657.000, 5312.000, 1.788, 1073494928
97523, 8.076, 62.680, 8.139, 635.500, 4994.000, 1.788, 1073494928
97595, 8.080, 61.950, 8.142, 646.900, 5066.000, 1.788, 1073494928
97667, 8.084, 64.950, 8.149, 647.100, 5052.000, 1.788, 1073494928
97739, 8.088, 64.550, 8.153, 647.200, 5190.000, 1.788, 1073494928
97811, 8.084, 64.300, 8.148, 653.800, 5342.000, 1.788, 1073494928
97883, 8.084, 65.850, 8.150, 652.300, 5272.000, 1.788, 1073494928
97955, 8.080, 62.720, 8.143, 639.700, 5170.000, 1.788, 1073494928
98027, 8.076, 62.940, 8.139, 662.700, 5348.000, 1.788, 1073494928
98099, 8.084, 66.330, 8.150, 671.200, 5430.000, 1.788, 1073494928
98171, 8.084, 63.940, 8.148, 649.000, 5242.000, 1.788, 1073494928
98243, 8.080, 66.140, 8.146, 672.600, 5430.000, 1.788, 1073494928
98316, 8.068, 68.720, 8.137, 698.500, 5636.000, 1.788, 1073494928
98387, 8.076, 65.390, 8.141, 682.900, 5508.000, 1.788, 1073494928
98459, 8.072, 65.550, 8.138, 696.600, 5620.000, 1.788, 1073494928
98531, 8.076, 64.290, 8.140, 672.500, 5524.000, 1.788, 1073494928
98604, 8.076, 62.710, 8.139, 643.400, 4962.000, 1.788, 1073494928
98675, 8.072, 67.130, 8.139, 654.100, 5476.000, 1.788, 1073494928
98747, 8.028, 81.820, 8.110, 830.200, 6376.000, 1.788, 1073494928
98819, 8.024, 77.470, 8.101, 787.000, 6492.000, 1.788, 1073494928
98891, 8.028, 79.180, 8.107, 789.700, 6456.000, 1.788, 1073494928
98963, 8.036, 78.660, 8.115, 778.900, 6252.000, 1.788, 1073494928
99035, 8.036, 79.900, 8.116, 786.400, 6318.000, 1.788, 1073494928
99107, 8.052, 76.080, 8.128, 767.000, 6158.000, 1.788, 1073494928
99179, 8.044, 77.060, 8.121, 770.200, 6186.000, 1.788, 1073494928
99251, 8.044, 76.500, 8.120, 747.600, 6010.000, 1.788, 1073494928
99323, 8.052, 74.950, 8.127, 722.100, 5814.000, 1.788, 1073494928
99395, 8.048, 75.480, 8.123, 741.000, 5968.000, 1.788, 1073494928
99467, 8.060, 74.990, 8.135, 713.500, 5742.000, 1.788, 1073494928
99539, 8.040, 75.610, 8.116, 757.700, 5822.000, 1.788, 1073494928
99611, 8.176, 37.030, 8.213, 376.100, 3084.000, 1.788, 1073494928
99684, 8.176, 36.500, 8.212, 366.800, 3038.000, 1.788, 1073494928
99755, 8.176, 36.990, 8.213, 370.100, 3040.000, 1.788, 1073494928
99827, 8.180, 37.320, 8.217, 376.200, 3090.000, 1.788, 1073494928
99899, 8.176, 37.380, 8.213, 370.300, 3024.000, 1.788, 1073494928
99971, 8.180, 37.440, 8.217, 374.700, 3064.000, 1.788, 1073494928
100044, 8.172, 37.920, 8.210, 381.000, 3116.000, 1.788, 1073494928
100116, 8.176, 37.540, 8.214, 371.100, 3034.000, 1.788, 1073494928
100187, 8.172, 37.320, 8.209, 380.200, 3106.000, 1.788, 1073494928
100259, 8.180, 36.260, 8.216, 376.600, 3080.000, 1.788, 1073494928
100331, 8.176, 37.290, 8.213, 369.700, 3024.000, 1.788, 1073494928
100404, 8.176, 36.870, 8.213, 377.200, 3086.000, 1.788, 1073494928
100475, 8.176, 36.680, 8.213, 374.000, 3060.000, 1.788, 1073494928
100547, 8.180, 36.790, 8.217, 374.500, 3054.000, 1.788, 1073494928
100619, 8.176, 36.460, 8.212, 371.300, 3044.000, 1.788, 1073494928
100691, 8.172, 37.780, 8.210, 385.100, 3150.000, 1.788, 1073494928
100763, 8.168, 38.060, 8.206, 385.900, 3114.000, 1.788, 1073494928
100835, 8.176, 37.750, 8.214, 384.800, 3140.000, 1.788, 1073494928
100907, 8.176, 37.950, 8.214, 380.700, 3110.000, 1.788, 1073494928
100980, 8.176, 38.090, 8.214, 379.400, 3104.000, 1.788, 1073494928
101051, 8.176, 37.240, 8.213, 370.200, 3028.000, 1.788, 1073494928
101123, 8.180, 36.280, 8.216, 375.300, 3070.000, 1.788, 1073494928
101196, 8.176, 37.280, 8.213, 372.200, 3044.000, 1.788, 1073494928
101267, 8.168, 39.750, 8.208, 389.300, 3182.000, 1.788, 1073494928
101339, 8.180, 37.260, 8.217, 380.800, 3114.000, 1.788, 1073494928
101411, 8.180, 36.940, 8.217, 373.200, 3050.000, 1.788, 1073494928
101483, 8.176, 35.810, 8.212, 364.200, 2978.000, 1.788, 1073494928
101556, 8.180, 36.550, 8.217, 375.700, 3094.000, 1.788, 1073494928
101627, 8.168, 39.270, 8.207, 396.600, 3064.000, 1.788, 1073494928
101700, 8.172, 37.270, 8.209, 380.600, 3168.000, 1.788, 1073494928
101771, 8.180, 36.850, 8.217, 375.300, 3068.000, 1.788, 1073494928
101843, 8.176, 37.450, 8.213, 385.300, 3178.000, 1.788, 1073494928
101915, 8.180, 37.080, 8.217, 372.000, 3044.000, 1.788, 1073494928
101987, 8.180, 37.250, 8.217, 375.200, 3070.000, 1.788, 1073494928
102060, 8.184, 37.250, 8.221, 369.600, 3024.000, 1.788, 1073494928
102131, 8.180, 37.100, 8.217, 372.900, 3048.000, 1.788, 1073494928
102203, 8.180, 36.290, 8.216, 375.300, 3070.000, 1.788, 1073494928
102275, 8.180, 36.860, 8.217, 373.300, 3054.000, 1.788, 1073494928
102347, 8.176, 36.770, 8.213, 374.400, 3060.000, 1.788, 1073494928
102419, 8.180, 36.360, 8.216, 373.400, 3054.000, 1.788, 1073494928
102491, 8.176, 36.810, 8.213, 372.900, 3050.000, 1.788, 1073494928
102563, 8.180, 36.640, 8.217, 370.000, 3012.000, 1.788, 1073494928
102635, 8.180, 36.810, 8.217, 373.800, 3094.000, 1.788, 1073494928
102707, 8.184, 36.980, 8.221, 370.500, 2936.000, 1.788, 1073494928
102779, 8.180, 36.910, 8.217, 376.000, 3094.000, 1.788, 1073494928
102851, 8.180, 36.930, 8.217, 373.500, 3068.000, 1.788, 1073494928
102923, 8.180, 37.540, 8.218, 377.300, 3086.000, 1.788, 1073494928
102995, 8.176, 37.370, 8.213, 370.600, 3032.000, 1.788, 1073494928
103067, 8.176, 37.260, 8.213, 373.500, 3054.000, 1.788, 1073494928
103139, 8.184, 36.290, 8.220, 381.900, 3122.000, 1.788, 1073494928
103211, 8.180, 36.150, 8.216, 370.600, 3032.000, 1.788, 1073494928
103283, 8.184, 36.330, 8.220, 366.800, 3002.000, 1.788, 1073494928
103355, 8.172, 39.010, 8.211, 390.500, 3188.000, 1.788, 1073494928
103427, 8.176, 37.620, 8.214, 385.200, 3150.000, 1.788, 1073494928
103499, 8.180, 36.320, 8.216, 372.200, 3084.000, 1.788, 1073494928
103571, 8.180, 37.000, 8.217, 375.600, 3054.000, 1.788, 1073494928
103643, 8.168, 39.170, 8.207, 395.500, 3224.000, 1.788, 1073494928
103715, 8.180, 36.640, 8.217, 372.400, 3064.000, 1.788, 1073494928
103787, 8.180, 36.560, 8.217, 373.700, 3064.000, 1.788, 1073494928
103859, 8.180, 36.740, 8.217, 364.800, 2988.000, 1.788, 1073494928
103931, 8.176, 37.190, 8.213, 380.000, 3110.000, 1.788, 1073494928
104003, 8.164, 41.600, 8.206, 418.700, 3422.000, 1.788, 1073494928
104075, 8.180, 37.600, 8.218, 366.300, 2996.000, 1.788, 1073494928
104147, 8.180, 36.490, 8.216, 370.900, 3034.000, 1.788, 1073494928
104219, 8.176, 38.440, 8.214, 414.700, 3388.000, 1.788, 1073494928
104291, 8.184, 36.750, 8.221, 369.600, 3024.000, 1.788, 1073494928
104363, 8.180, 36.030, 8.216, 371.800, 3040.000, 1.788, 1073494928
104435, 8.184, 36.210, 8.220, 368.300, 3014.000, 1.788, 1073494928
104507, 8.176, 36.420, 8.212, 375.300, 3008.000, 1.788, 1073494928
104579, 8.180, 37.180, 8.217, 378.200, 3084.000, 1.788, 1073494928
104651, 8.176, 37.840, 8.214, 377.100, 3064.000, 1.788, 1073494928
104723, 8.180, 37.580, 8.218, 380.900, 3018.000, 1.788, 1073494928
104795, 8.176, 36.680, 8.213, 377.400, 3070.000, 1.788, 1073494928
104867, 8.180, 37.330, 8.217, 375.000, 3068.000, 1.788, 1073494928
104939, 8.180, 37.550, 8.218, 373.200, 3054.000, 1.788, 1073494928
105011, 8.180, 36.370, 8.216, 371.100, 3034.000, 1.788, 1073494928
105083, 8.184, 36.600, 8.221, 372.000, 3044.000, 1.788, 1073494928
105155, 8.184, 36.740, 8.221, 371.700, 3040.000, 1.788, 1073494928
105227, 8.176, 37.410, 8.213, 386.600, 3162.000, 1.788, 1073494928
105299, 8.176, 36.980, 8.213, 379.800, 3106.000, 1.788, 1073494928
105371, 8.180, 37.440, 8.217, 376.800, 3080.000, 1.788, 1073494928
105443, 8.176, 36.970, 8.213, 373.800, 3058.000, 1.788, 1073494928
105516, 8.176, 38.490, 8.214, 394.600, 3218.000, 1.788, 1073494928
105587, 8.176, 38.250, 8.214, 388.200, 3204.000, 1.788, 1073494928
105659, 8.164, 41.270, 8.205, 413.100, 3332.000, 1.788, 1073494928
105731, 8.164, 41.210, 8.205, 418.400, 3414.000, 1.788, 1073494928
105803, 8.184, 37.700, 8.222, 379.500, 3080.000, 1.788, 1073494928
105875, 8.180, 37.880, 8.218, 377.800, 3090.000, 1.788, 1073494928
105947, 8.176, 38.700, 8.215, 386.800, 3162.000, 1.788, 1073494928
106019, 8.164, 41.200, 8.205, 419.700, 3428.000, 1.788, 1073494928
106091, 8.168, 40.740, 8.209, 410.200, 3348.000, 1.788, 1073494928
106163, 8.184, 35.710, 8.220, 375.500, 3070.000, 1.788, 1073494928
106235, 8.180, 37.300, 8.217, 373.100, 3050.000, 1.788, 1073494928
106307, 8.180, 37.100, 8.217, 374.600, 3064.000, 1.788, 1073494928
106379, 8.164, 40.790, 8.205, 418.700, 3418.000, 1.788, 1073494928
106451, 8.148, 46.620, 8.195, 473.600, 3840.000, 1.788, 1073494928
#}