time (ms), packet_id, bus voltage (V), total_current (mA), power (mW), loop time (ms) 
9549,0,11.792,377.7,4470,0
9599,1,11.792,388.8,4588,43
9649,2,11.64,800.9,9420,43
9699,3,11.548,1080.7,12504,43
9749,4,11.616,899,10342,43
9799,5,11.388,1336.8,15320,43
9849,6,11.476,1373.3,14264,43
9899,7,11.708,650.7,7618,43
9949,8,11.704,629.4,7232,43
9999,9,11.704,655.4,7672,43
10049,10,11.704,636.9,7380,43
10099,11,11.72,629.1,7370,43
10149,12,11.708,630.7,7310,43
10199,13,11.716,632.2,7406,43
10249,14,11.712,631,7390,43
10299,15,11.72,641.2,7504,43
10349,16,11.708,631.5,7392,43
10399,17,11.708,619.1,7254,43
10449,18,11.716,623.8,7308,43
10499,19,11.704,627.6,7292,43
10549,20,11.708,629.7,7376,43
10599,21,11.712,617.7,7320,43
10649,22,11.708,625.7,7328,43
10699,23,11.708,619.3,7238,43
10749,24,11.72,622.8,7294,43
10799,25,11.712,624.4,7248,43
10849,26,11.712,619.9,7258,43
10899,27,11.712,611.2,7340,43
10949,28,11.716,613.9,7190,43
10999,29,11.712,619.1,7150,43
11049,30,11.72,618.4,7246,43
11099,31,11.712,614,7212,43
11149,32,11.716,611.9,7170,43
11199,33,11.716,625.6,7216,43
11249,34,11.708,629.9,7376,43
11299,35,11.712,609.1,7134,43
11349,36,11.712,618,7232,43
11399,37,11.712,581.7,6816,43
11449,38,11.7,616.5,7222,43
11499,39,11.716,605.7,7098,43
11549,40,11.688,651.8,7940,43
11599,41,11.716,615.6,7218,43
11649,42,11.708,604.5,7150,43
11699,43,11.716,600.8,7038,43
11749,44,11.716,597.9,7072,43
11799,45,11.716,619.6,7262,43
11849,46,11.692,649.3,7294,43
11899,47,11.716,604.6,7082,43
11949,48,11.712,624.2,7392,43
11999,49,11.716,617.5,7232,43
12049,50,11.712,618.4,6892,43
12099,51,11.712,594.7,6966,43
12149,52,11.704,620.7,7412,43
12199,53,11.716,643.8,7540,43
12249,54,11.712,613.3,7182,43
12299,55,11.708,633.3,7418,43
12349,56,11.708,612.2,7176,43
12399,57,11.716,601.1,7046,43
12449,58,11.712,629.9,7376,43
12499,59,11.712,626.1,7166,43
12549,60,11.716,614.8,7200,43
12599,61,11.716,618.2,7166,43
12649,62,11.716,608.9,7130,43
12699,63,11.712,609.1,7236,43
12749,64,11.716,622.8,7294,43
12799,65,11.712,617.9,7226,43
12849,66,11.72,619.1,7252,43
12899,67,11.712,616.2,7228,43
12949,68,11.716,610.1,7146,43
12999,69,11.712,615.2,7274,43
13049,70,11.708,646.2,7562,43
13099,71,11.712,621.7,7212,43
13149,72,11.712,634.4,7432,43
13199,73,11.712,612.9,7180,43
13249,74,11.712,618.7,7248,43
13299,75,11.712,612.1,7170,43
13349,76,11.712,622,7212,43
13399,77,11.708,615,7202,43
13449,78,11.7,644.6,7474,43
13499,79,11.708,650.7,7616,43
13549,80,11.712,625.5,7284,43
13599,81,11.712,614.4,7192,43
13649,82,11.704,633.9,7426,43
13699,83,11.712,625.5,7324,43
13749,84,11.7,629.8,7484,43
13799,85,11.712,620.1,7262,43
13849,86,11.704,633,7408,43
13899,87,11.704,621.7,7282,43
13949,88,11.716,604.1,7212,43
13999,89,11.704,645,7550,43
14049,90,11.696,660.1,7726,43
14099,91,11.708,623.2,7298,43
14149,92,11.708,616,7216,43
14199,93,11.708,641.8,7344,43
14249,94,11.716,624.3,7310,43
14299,95,11.7,641.9,7364,43
14349,96,11.712,630.8,7386,43
14399,97,11.704,632.2,7288,43
14449,98,11.708,634.1,7426,43
14499,99,11.712,618.4,7304,43
14549,100,11.712,639,7482,43
14599,101,11.7,622.4,7472,43
14649,102,11.712,623.8,7308,43
14699,103,11.704,623.5,7318,43
14749,104,11.708,633.7,7418,43
14799,105,11.708,621,7272,43
14849,106,11.712,626.7,7336,43
14899,107,11.704,630.1,7380,43
14949,108,11.7,638.2,7490,43
14999,109,11.712,633.5,7416,43
15049,110,11.704,615.4,7370,43
15099,111,11.708,626.1,7334,43
15149,112,11.712,627.9,7390,43
15199,113,11.716,615.3,7202,43
15249,114,11.704,624.2,7344,43
15299,115,11.708,628.6,7364,43
15349,116,11.708,623.1,7432,43
15399,117,11.708,630.1,7376,43
15449,118,11.708,626.7,7396,43
15499,119,11.708,630.7,7382,43
15549,120,11.704,618.7,7246,43
15599,121,11.708,629,7360,43
15649,122,11.712,610.4,7146,43
15699,123,11.712,634.4,7436,43
15749,124,11.708,629.8,7380,43
15799,125,11.704,630.7,7354,43
15849,126,11.712,620.6,7264,43
15899,127,11.7,629.2,7380,43
15949,128,11.708,638.2,7472,43
15999,129,11.724,581.9,6996,43
16049,130,11.708,629.8,7372,43
16099,131,11.708,632.8,7416,43
16149,132,11.708,632.5,7406,43
16199,133,11.704,624.8,7318,43
16249,134,11.712,620.4,7264,43
16299,135,11.704,617,7222,43
16349,136,11.716,644.2,7372,43
16399,137,11.712,622.9,7294,43
16449,138,11.708,605.5,7160,43
16499,139,11.716,617.9,7238,43
16549,140,11.712,607.5,7218,43
16599,141,11.72,612.1,7174,43
16649,142,11.728,594.7,7310,43
16699,143,11.72,590.1,6914,43
16749,144,11.716,572.3,6934,43
16799,145,11.716,590.9,6924,43
16849,146,11.716,569.8,6682,43
16899,147,11.728,593.2,6960,43
16949,148,11.72,563,6594,43
16999,149,11.728,566.4,6626,43
17049,150,11.724,596.1,6990,43
17099,151,11.72,598,6602,43
17149,152,11.72,603.4,7074,43
17199,153,11.724,596.1,6812,43
17249,154,11.716,618.2,7242,43
17299,155,11.724,602.2,6702,43
17349,156,11.728,611.3,7164,43
17399,157,11.72,597.6,6662,43
17449,158,11.708,604.4,7078,43
17499,159,11.728,565.4,6632,43
17549,160,11.728,613.5,7190,43
17599,161,11.716,591.6,6934,43
17649,162,11.72,589.4,7036,43
17699,163,11.716,590.7,6920,43
17749,164,11.724,562.8,6748,43
17799,165,11.716,615.7,7212,43
17849,166,11.72,578.4,7100,43
17899,167,11.732,574.4,6730,43
17949,168,11.724,591.8,7100,43
17999,169,11.72,621.8,7282,43
18049,170,11.716,604.4,6632,43
18099,171,11.72,568.2,6662,43
18149,172,11.716,589.6,6908,43
18199,173,11.708,620.4,7268,43
18249,174,11.72,595.8,6980,43
18299,175,11.72,602.2,6990,43
18349,176,11.716,585.2,6856,43
18399,177,11.716,601.1,7196,43
18449,178,11.724,602.3,7058,43
18499,179,11.716,592.8,7100,43
18549,180,11.724,613.8,7190,43
18599,181,11.716,606.4,7052,43
18649,182,11.712,624.3,7314,43
18699,183,11.716,582.8,6826,43
18749,184,11.716,619.2,7254,43
18799,185,11.712,601.7,7048,43
18849,186,11.724,615.8,7092,43
18899,187,11.716,607.3,7114,43
18949,188,11.712,605.3,7128,43
18999,189,11.72,605.8,7098,43
19049,190,11.708,599.1,7098,43
19099,191,11.716,603.2,7068,43
19149,192,11.712,604.4,6944,43
19199,193,11.716,608.9,7134,43
19249,194,11.708,621.7,7052,43
19299,195,11.716,632.2,7406,43
19349,196,11.708,623.3,7304,43
19399,197,11.72,599.8,7026,43
19449,198,11.712,620.6,7272,43
19499,199,11.708,608.9,7210,43
19549,200,11.716,621.6,7274,43
19599,201,11.716,608.8,7202,43
19649,202,11.708,618.1,7242,43
19699,203,11.712,618.6,7308,43
19749,204,11.712,616.5,7226,43
19799,205,11.712,622.5,7170,43
19849,206,11.712,642.3,7520,43
19899,207,11.708,610.4,7150,43
19949,208,11.704,635,7438,43
19999,209,11.708,607.3,7118,43
20049,210,11.712,607.7,7144,43
20099,211,11.712,608.6,7128,43
20149,212,11.692,653.9,7448,43
20199,213,11.716,595.1,6970,43
20249,214,11.712,612,7098,43
20299,215,11.712,624.9,7320,43
20349,216,11.708,624.5,7366,43
20399,217,11.7,637.2,7462,43
20449,218,11.704,609.8,7144,43
20499,219,11.704,612.9,7180,43
20549,220,11.712,616.3,7218,43
20599,221,11.708,622.6,7300,43
20649,222,11.728,588.4,6898,43
20699,223,11.712,611.7,7092,43
20749,224,11.712,629,7366,43
20799,225,11.708,617,7340,43
20849,226,11.72,590.9,6928,43
20899,227,11.712,623.3,7222,43
20949,228,11.712,625.4,7324,43
20999,229,11.708,621.3,7272,43
21049,230,11.712,620.3,7264,43
21099,231,11.708,623.7,7304,43
21149,232,11.708,623.1,7284,43
21199,233,11.704,631.9,7400,43
21249,234,11.708,619.7,7364,43
21299,235,11.712,626.3,7336,43
21349,236,11.708,619.8,7292,43
21399,237,11.708,624.3,7310,43
21449,238,11.7,667.1,7562,43
21499,239,11.704,651.3,7622,43
21549,240,11.708,622,7282,43
21599,241,11.704,628.2,7356,43
21649,242,11.7,633.3,7412,43
21699,243,11.7,671.9,7330,43
21749,244,11.712,614.6,7200,43
21799,245,11.704,630.4,7458,43
21849,246,11.712,622.1,7288,43
21899,247,11.724,576.5,6918,43
21949,248,11.724,589.9,6918,43
21999,249,11.712,621.1,7268,43
22049,250,11.708,618.7,7248,43
22099,251,11.716,611.5,7164,43
22149,252,11.724,618.7,7246,43
22199,253,11.712,614.1,7186,43
22249,254,11.712,602.5,7264,43
22299,255,11.716,616.9,7228,43
22349,256,11.72,590,6730,43
22399,257,11.716,613.5,7186,43
22449,258,11.716,620.4,7104,43
22499,259,11.72,617,7228,43
22549,260,11.708,600,7228,43
22599,261,11.724,561.2,6584,43
22649,262,11.708,626.5,7340,43
22699,263,11.728,574.8,6740,43
22749,264,11.728,572.4,6712,43
22799,265,11.708,599.4,6856,43
22849,266,11.72,619.3,7262,43
22899,267,11.712,600.1,7218,43
22949,268,11.72,565.6,6632,43
22999,269,11.716,608.4,7186,43
23049,270,11.728,612.6,7176,43
23099,271,11.724,596.8,7072,43
23149,272,11.724,619.8,7268,43
23199,273,11.716,577.7,6770,43
23249,274,11.712,615.7,7182,43
23299,275,11.728,582.9,6842,43
23349,276,11.72,600.6,7226,43
23399,277,11.716,609.3,7144,43
23449,278,11.72,581.7,6832,43
23499,279,11.716,613.8,7190,43
23549,280,11.72,565.3,6792,43
23599,281,11.724,584.3,6852,43
23649,282,11.724,566.2,6638,43
23699,283,11.716,619.7,7252,43
23749,284,11.716,625.6,7328,43
23799,285,11.732,574.6,6838,43
23849,286,11.7,634.3,7428,43
23899,287,11.728,573,6698,43
23949,288,11.732,565.2,6626,43
23999,289,11.716,605.4,7166,43
24049,290,11.724,609.3,7140,43
24099,291,11.724,582,6924,43
24149,292,11.724,580.4,6806,43
24199,293,11.712,601.7,7048,43
24249,294,11.708,611.6,7274,43
24299,295,11.724,576,6756,43
24349,296,11.72,576.8,6852,43
24399,297,11.732,578.7,6786,43
24449,298,11.716,607.5,7012,43
24499,299,11.732,580.1,6800,43
24549,300,11.728,560.1,6750,43
24599,301,11.716,595.2,6970,43
24649,302,11.708,605.5,7094,43
24699,303,11.728,576.5,6756,43
24749,304,11.712,610.7,7156,43
24799,305,11.728,587.2,7200,43
24849,306,11.716,596.8,6992,43
24899,307,11.732,565.9,6632,43
24949,308,11.732,572.3,6712,43
24999,309,11.724,578.9,6766,43
25049,310,11.716,612.3,7174,43
25099,311,11.724,579.1,6790,43
25149,312,11.72,577.8,6774,43
25199,313,11.708,610.7,7154,43
25249,314,11.724,624.3,7238,43
25299,315,11.716,610,7144,43
25349,316,11.712,578.1,6956,43
25399,317,11.716,611,7160,43
25449,318,11.716,618.5,6828,43
25499,319,11.728,575,6740,43
25549,320,11.716,607.1,7118,43
25599,321,11.712,614.9,7206,43
25649,322,11.728,569.6,6682,43
25699,323,11.724,572.6,6940,43
25749,324,11.724,568,6658,43
25799,325,11.728,570.7,6838,43
25849,326,11.716,616.2,7216,43
25899,327,11.724,579.2,6796,43
25949,328,11.72,598.4,7016,43
25999,329,11.72,577.2,6866,43
26049,330,11.716,572.7,6718,43
26099,331,11.72,558.2,6540,43
26149,332,11.704,633.3,7088,43
26199,333,11.724,578.2,6780,43
26249,334,11.716,596.1,7058,43
26299,335,11.724,587.8,6888,43
26349,336,11.716,592.6,7020,43
26399,337,11.72,594,6964,43
26449,338,11.72,587.9,6806,43
26499,339,11.712,621.6,7278,43
26549,340,11.716,577.7,6770,43
26599,341,11.708,620.3,7164,43
26649,342,11.724,583.5,6842,43
26699,343,11.724,583.6,7042,43
26749,344,11.716,599.5,7026,43
26799,345,11.72,575.5,6796,43
26849,346,11.712,611.9,7170,43
26899,347,11.72,585.5,6862,43
26949,348,11.712,610.6,7154,43
26999,349,11.72,587.3,6884,43
27049,350,11.716,592,6918,43
27099,351,11.716,604.3,7082,43
27149,352,11.72,587.3,6822,43
27199,353,11.724,590.9,6924,43
27249,354,11.704,619.1,7314,43
27299,355,11.72,594.2,6966,43
27349,356,11.724,591.3,6930,43
27399,357,11.72,586.3,6874,43
27449,358,11.716,579.9,6796,43
27499,359,11.716,588.3,6946,43
27549,360,11.724,591.4,6934,43
27599,361,11.72,590.7,6888,43
27649,362,11.724,584.2,6846,43
27699,363,11.708,603.1,7100,43
27749,364,11.708,631.5,7396,43
27799,365,11.716,579.7,6796,43
27849,366,11.716,601.8,7052,43
27899,367,11.72,590.5,6920,43
27949,368,11.716,595.1,6966,43
27999,369,11.716,594.3,6966,43
28049,370,11.716,598.5,6990,43
28099,371,11.716,598.1,7006,43
28149,372,11.716,593.1,6964,43
28199,373,11.72,593.7,6956,43
28249,374,11.704,610.1,7146,43
28299,375,11.72,585.3,6858,43
28349,376,11.72,583.9,6842,43
28399,377,11.716,594.5,6990,43
28449,378,11.724,587.9,6892,43
28499,379,11.728,558.6,6498,43
28549,380,11.7,635.1,7436,43
28599,381,11.712,598.9,6970,43
28649,382,11.716,617.2,7226,43
28699,383,11.716,596.5,6992,43
28749,384,11.72,596.7,6908,43
28799,385,11.72,592.7,6946,43
28849,386,11.716,587.8,6928,43
28899,387,11.72,595.2,6974,43
28949,388,11.72,591.2,7092,43
28999,389,11.72,593.8,6964,43
29049,390,11.712,595.9,6982,43
29099,391,11.72,601.9,7058,43
29149,392,11.716,597.3,7000,43
29199,393,11.716,584.1,6754,43
29249,394,11.72,602.7,7064,43
29299,395,11.704,638.2,7012,43
29349,396,11.716,607,7110,43
29399,397,11.72,600.8,6934,43
29449,398,11.716,597.4,7002,43
29499,399,11.712,603.5,7068,43
29549,400,11.712,607.7,7088,43
29599,401,11.712,600.2,7028,43
29649,402,11.712,603.8,7052,43
29699,403,11.72,600.5,7036,43
29749,404,11.716,605.6,7036,43
29799,405,11.72,594.1,6966,43
29849,406,11.716,602.2,7056,43
29899,407,11.72,589.4,6904,43
29949,408,11.716,592.1,6938,43
29999,409,11.712,601.6,7012,43
30049,410,11.716,603.6,7072,43
30099,411,11.716,604.9,7098,43
30149,412,11.712,604.6,7084,43
30199,413,11.716,599.6,6970,43
30249,414,11.712,588.3,6902,43
30299,415,11.708,614,7192,43
30349,416,11.712,611.1,7134,43
30399,417,11.716,596.6,6986,43
30449,418,11.712,602.3,7202,43
30499,419,11.72,581.1,6810,43
30549,420,11.716,599.9,7048,43
30599,421,11.716,605.3,7094,43
30649,422,11.716,600.2,7032,43
30699,423,11.712,604.4,7094,43
30749,424,11.704,637.6,7462,43
30799,425,11.712,605.1,7074,43
30849,426,11.716,613.3,7180,43
30899,427,11.716,604,7048,43
30949,428,11.716,603.5,7072,43
30999,429,11.712,606.1,6964,43
31049,430,11.716,606.5,7108,43
31099,431,11.716,604.9,7088,43
31149,432,11.716,606.5,6982,43
31199,433,11.72,605.7,7098,43
31249,434,11.716,608.2,6974,43
31299,435,11.724,600.1,7032,43
31349,436,11.712,605,7120,43
31399,437,11.716,605.4,7094,43
31449,438,11.712,597.1,6992,43
31499,439,11.72,608.1,7108,43
31549,440,11.716,601.6,7052,43
31599,441,11.716,604.2,6868,43
31649,442,11.716,573.8,6728,43
31699,443,11.716,604.6,6888,43
31749,444,11.712,602.2,7058,43
31799,445,11.716,589.2,6904,43
31849,446,11.716,596.5,7130,43
31899,447,11.712,610,7144,43
31949,448,11.716,610.1,6802,43
31999,449,11.724,596.5,6990,43
32049,450,11.712,595.8,7110,43
32099,451,11.724,606.7,7104,43
32149,452,11.716,599.9,7032,43
32199,453,11.712,615.6,7144,43
32249,454,11.704,623.6,7298,43
32299,455,11.716,609.8,6980,43
32349,456,11.716,604.9,7082,43
32399,457,11.708,604.2,7094,43
32449,458,11.708,632.3,7400,43
32499,459,11.712,598,7006,43
32549,460,11.712,601.6,7048,43
32599,461,11.716,601,7038,43
32649,462,11.712,607.3,7118,43
32699,463,11.712,601.1,7042,43
32749,464,11.712,602.6,7072,43
32799,465,11.716,604.9,7088,43
32849,466,11.712,593.8,6956,43
32899,467,11.716,588.5,6894,43
32949,468,11.716,593.9,6960,43
32999,469,11.712,604.8,7118,43
33049,470,11.716,601,7042,43
33099,471,11.712,605.4,6946,43
33149,472,11.708,588.6,6894,43
33199,473,11.712,596,6982,43
33249,474,11.716,604.2,7078,43
33299,475,11.716,609.6,7144,43
33349,476,11.716,594.9,7012,43
33399,477,11.712,600.6,7036,43
33449,478,11.724,607,7022,43
33499,479,11.712,608.5,7128,43
33549,480,11.724,593.1,6946,43
33599,481,11.72,598.6,7012,43
33649,482,11.712,579.3,6786,43
33699,483,11.716,604.1,7128,43
33749,484,11.716,581.6,6812,43
33799,485,11.716,597.6,7078,43
33849,486,11.716,582.9,6832,43
33899,487,11.712,592.3,6940,43
33949,488,11.712,617.4,7232,43
33999,489,11.72,595.9,6982,43
34049,490,11.716,607.5,7064,43
34099,491,11.716,595.2,6974,43
34149,492,11.712,598.4,7012,43
34199,493,11.716,597.3,7000,43
34249,494,11.716,595.5,6976,43
34299,495,11.716,594.3,7002,43
34349,496,11.72,553.9,6488,43
34399,497,11.716,595.5,6954,43
34449,498,11.72,595.6,6980,43
34499,499,11.72,582.4,6970,43
34549,500,11.716,606.1,7100,43
34599,501,11.72,583.6,6838,43
34649,502,11.716,583.7,6866,43
34699,503,11.72,588.7,6902,43
34749,504,11.72,567.2,6822,43
34799,505,11.728,565.8,6632,43
34849,506,11.728,537.1,6432,43
34899,507,11.72,569.4,6674,43
34949,508,11.716,590.1,6918,43
34999,509,11.736,565.2,6684,43
35049,510,11.72,560,6566,43
35099,511,11.732,551.5,6656,43
35149,512,11.712,624.1,7308,43
35199,513,11.728,549.7,6812,43
35249,514,11.724,580.1,6806,43
35299,515,11.732,555.4,6518,43
35349,516,11.724,571.7,6430,43
35399,517,11.724,576.1,6754,43
35449,518,11.72,577.6,6766,43
35499,519,11.724,575.2,6744,43
35549,520,11.72,573.2,6632,43
35599,521,11.724,580,6802,43
35649,522,11.716,587.3,6884,43
35699,523,11.72,570.5,6792,43
35749,524,11.724,579.1,6786,43
35799,525,11.724,576.1,6862,43
35849,526,11.716,598.1,7006,43
35899,527,11.716,578.2,6780,43
35949,528,11.72,576.6,6760,43
35999,529,11.72,572.8,6714,43
36049,530,11.72,579.6,6872,43
36099,531,11.724,586.3,6872,43
36149,532,11.724,579.9,6920,43
36199,533,11.708,622.1,7284,43
36249,534,11.72,577,6764,43
36299,535,11.72,588.3,6894,43
36349,536,11.716,580.5,6802,43
36399,537,11.716,579.9,6934,43
36449,538,11.72,586.2,6872,43
36499,539,11.72,583.9,6976,43
36549,540,11.732,558.2,6548,43
36599,541,11.72,588.6,6898,43
36649,542,11.716,590.3,6884,43
36699,543,11.72,585.7,6866,43
36749,544,11.716,596.6,7072,43
36799,545,11.72,582.4,6826,43
36849,546,11.72,578.7,6872,43
36899,547,11.724,587.8,6888,43
36949,548,11.72,584,6846,43
36999,549,11.72,594,6930,43
37049,550,11.72,586.6,6874,43
37099,551,11.732,556.3,6446,43
37149,552,11.716,586.5,6874,43
37199,553,11.72,584.4,6800,43
37249,554,11.728,554.4,6502,43
37299,555,11.716,583.5,6838,43
37349,556,11.712,589.8,6892,43
37399,557,11.72,580,6796,43
37449,558,11.72,584.9,7082,43
37499,559,11.712,616.1,7216,43
37549,560,11.72,585.9,6866,43
37599,561,11.716,600.5,6986,43
37649,562,11.72,583.2,6832,43
37699,563,11.728,559.1,6468,43
37749,564,11.72,595.8,6980,43
37799,565,11.72,584.5,6790,43
37849,566,11.716,602.9,7064,43
37899,567,11.72,581.5,6816,43
37949,568,11.716,594.2,6888,43
37999,569,11.724,600,7028,43
38049,570,11.716,592.7,7020,43
38099,571,11.72,592.2,6938,43
38149,572,11.716,592.4,6964,43
38199,573,11.716,592.3,6940,43
38249,574,11.716,587.9,6892,43
38299,575,11.72,595.8,6856,43
38349,576,11.724,583,6832,43
38399,577,11.704,614.5,7308,43
38449,578,11.7,638.6,7472,43
38499,579,11.716,592.4,6944,43
38549,580,11.704,623.6,7062,43
38599,581,11.716,597.8,7002,43
38649,582,11.708,613,7082,43
38699,583,11.72,600.2,7032,43
38749,584,11.716,598.4,7006,43
38799,585,11.712,596.9,6992,43
38849,586,11.716,589.7,6908,43
38899,587,11.716,598.7,6930,43
38949,588,11.712,627.4,7344,43
38999,589,11.72,586.8,6950,43
39049,590,11.712,610.5,7150,43
39099,591,11.716,599.2,7020,43
39149,592,11.716,588.1,6892,43
39199,593,11.72,584,6846,43
39249,594,11.716,594.6,6954,43
39299,595,11.72,592.9,6950,43
39349,596,11.716,584.3,6918,43
39399,597,11.72,596.3,6986,43
39449,598,11.72,582.5,6826,43
39499,599,11.716,600.8,6878,43
39549,600,11.724,583.1,6832,43
39599,601,11.716,591.9,6908,43
39649,602,11.72,588.4,6898,43
39699,603,11.716,588.5,6888,43
39749,604,11.716,591.8,6938,43
39799,605,11.716,586.9,6874,43
39849,606,11.716,613.5,6940,43
39899,607,11.72,584.3,6846,43
39949,608,11.72,583.9,7012,43
39999,609,11.712,615.2,7206,43
40049,610,11.72,594,6960,43
40099,611,11.712,599.3,7036,43
40149,612,11.728,563.8,6612,43
40199,613,11.712,602,7078,43
40249,614,11.716,601.9,7048,43
40299,615,11.704,625.7,7202,43
40349,616,11.72,587,6878,43
40399,617,11.716,595,6974,43
40449,618,11.72,592.2,6946,43
40499,619,11.72,594.5,6966,43
40549,620,11.712,597.2,7000,43
40599,621,11.716,594.4,6966,43
40649,622,11.716,599.6,7022,43
40699,623,11.72,599.3,6996,43
40749,624,11.728,579.6,6792,43
40799,625,11.72,578.5,6914,43
40849,626,11.724,588.4,6898,43
40899,627,11.716,584.6,6924,43
40949,628,11.712,618.3,7238,43
40999,629,11.72,586.7,6874,43
41049,630,11.72,593.9,6828,43
41099,631,11.72,593.9,6960,43
41149,632,11.716,578,6868,43
41199,633,11.72,584.4,6848,43
41249,634,11.712,595,6970,43
41299,635,11.716,577.3,6902,43
41349,636,11.72,587.4,6878,43
41399,637,11.716,590.8,7020,43
41449,638,11.724,595,6974,43
41499,639,11.72,590.5,6918,43
41549,640,11.72,586.3,6872,43
41599,641,11.716,582.5,6826,43
41649,642,11.716,589,6910,43
41699,643,11.72,590.7,6924,43
41749,644,11.716,581.7,6904,43
41799,645,11.724,580.6,6806,43
41849,646,11.72,582.1,6822,43
41899,647,11.724,585.9,6810,43
41949,648,11.72,589.5,6908,43
41999,649,11.716,589.3,6846,43
42049,650,11.7,586.5,6874,43
42099,651,11.72,582.5,6826,43
42149,652,11.728,562.5,6596,43
42199,653,11.72,584.5,6852,43
42249,654,11.716,587,6894,43
42299,655,11.712,591,6928,43
42349,656,11.72,583.7,6980,43
42399,657,11.72,585.2,6856,43
42449,658,11.716,583.5,6838,43
42499,659,11.716,586.8,7000,43
42549,660,11.724,591.1,6928,43
42599,661,11.716,587.7,6882,43
42649,662,11.72,586.2,6872,43
42699,663,11.72,580.4,6800,43
42749,664,11.716,582.1,6838,43
42799,665,11.736,554.5,6502,43
42849,666,11.72,585.6,6938,43
42899,667,11.736,560.9,6580,43
42949,668,11.716,572.4,6708,43
42999,669,11.716,587,6878,43
43049,670,11.728,548.7,6436,43
43099,671,11.712,587.9,6908,43
43149,672,11.716,591.4,6930,43
43199,673,11.72,581.4,6986,43
43249,674,11.72,582.8,6828,43
43299,675,11.712,578.1,6776,43
43349,676,11.72,590.4,6812,43
43399,677,11.72,583.6,6838,43
43449,678,11.712,599,7114,43
43499,679,11.724,590.1,6918,43
43549,680,11.716,582.4,6822,43
43599,681,11.716,594.8,6858,43
43649,682,11.72,583.1,6836,43
43699,683,11.716,593.9,6790,43
43749,684,11.72,596.7,6992,43
43799,685,11.716,585.7,6866,43
43849,686,11.72,589,6904,43
43899,687,11.724,547.3,6420,43
43949,688,11.72,589.8,6884,43
43999,689,11.724,586.7,6872,43
44049,690,11.72,578.9,6856,43
44099,691,11.728,556.1,6524,43
44149,692,11.716,592.9,6950,43
44199,693,11.716,589.1,6960,43
44249,694,11.72,584,6846,43
44299,695,11.732,553,6620,43
44349,696,11.732,552.8,6484,43
44399,697,11.716,589.3,6904,43
44449,698,11.728,559.7,6472,43
44499,699,11.724,583.1,6836,43
44549,700,11.716,583.3,6902,43
44599,701,11.728,557.5,6538,43
44649,702,11.716,587.3,6884,43
44699,703,11.728,558.4,6520,43
44749,704,11.716,592.1,6938,43
44799,705,11.716,585.8,6982,43
44849,706,11.712,617.6,7232,43
44899,707,11.728,556.9,6534,43
44949,708,11.716,611.9,7174,43
44999,709,11.716,597.5,7002,43
45049,710,11.712,594.7,7046,43
45099,711,11.732,561.9,6590,43
45149,712,11.716,585.6,6902,43
45199,713,11.712,588.6,6898,43
45249,714,11.716,588.5,6894,43
45299,715,11.712,595.6,7000,43
45349,716,11.728,566.4,6642,43
45399,717,11.712,593.5,6938,43
45449,718,11.72,582.9,6828,43
45499,719,11.712,594.8,6970,43
45549,720,11.728,561.1,6534,43
45599,721,11.716,583.4,6836,43
45649,722,11.716,585.4,6990,43
45699,723,11.716,597.6,7002,43
45749,724,11.724,562.2,6590,43
45799,725,11.724,557.3,6600,43
45849,726,11.724,563.1,6602,43
45899,727,11.712,599.5,7022,43
45949,728,11.732,562.4,6596,43
45999,729,11.712,588.9,7020,43
46049,730,11.728,569.6,6682,43
46099,731,11.712,599.6,7026,43
46149,732,11.724,560.7,6702,43
46199,733,11.712,601.2,7042,43
46249,734,11.728,558.7,6524,43
46299,735,11.716,594.2,6964,43
46349,736,11.724,559.2,6556,43
46399,737,11.728,566,6656,43
46449,738,11.728,561.7,6586,43
46499,739,11.716,590.4,6938,43
46549,740,11.72,582.8,6828,43
46599,741,11.728,556.1,6520,43
46649,742,11.72,572.3,6620,43
46699,743,11.732,565.6,6632,43
46749,744,11.716,594.2,6996,43
46799,745,11.728,563.2,6606,43
46849,746,11.716,595,6970,43
46899,747,11.72,566.2,6668,43
46949,748,11.728,565.4,6630,43
46999,749,11.724,561.4,6586,43
47049,750,11.716,593.6,6956,43
47099,751,11.72,562.5,6596,43
47149,752,11.716,587.6,6946,43
47199,753,11.72,592.3,6938,43
47249,754,11.724,565.8,6682,43
47299,755,11.716,594,6960,43
47349,756,11.708,604.5,7078,43
47399,757,11.712,598.2,7064,43
47449,758,11.716,607.7,7118,43
47499,759,11.728,562.2,6682,43
47549,760,11.72,581.9,6820,43
47599,761,11.716,592.4,6940,43
47649,762,11.728,564.7,6566,43
47699,763,11.724,574.9,6740,43
47749,764,11.712,605.4,7114,43
47799,765,11.712,588.1,6888,43
47849,766,11.728,563.8,6596,43
47899,767,11.712,596,6982,43
47949,768,11.712,602.9,7062,43
47999,769,11.712,600.2,7022,43
48049,770,11.732,567.9,6662,43
48099,771,11.716,581.5,6938,43
48149,772,11.704,604.2,7074,43
48199,773,11.724,568.2,6662,43
48249,774,11.716,588.4,6764,43
48299,775,11.716,614.8,7200,43
48349,776,11.716,584.2,6858,43
48399,777,11.728,577.6,6774,43
48449,778,11.712,597.5,7000,43
48499,779,11.708,608.6,7088,43
48549,780,11.724,575.4,6744,43
48599,781,11.712,600.2,7028,43
48649,782,11.72,575.6,6748,43
48699,783,11.72,562.9,6600,43
48749,784,11.712,606.8,7144,43
48799,785,11.72,574.6,6740,43
48849,786,11.724,554.7,6612,43
48899,787,11.724,570.7,6692,43
48949,788,11.724,574.6,6734,43
48999,789,11.72,571.5,6748,43
49049,790,11.72,581.6,6816,43
49099,791,11.716,570.8,6688,43
49149,792,11.712,606.4,7104,43
49199,793,11.716,601.7,7046,43
49249,794,11.72,575.7,6704,43
49299,795,11.724,567.3,6646,43
49349,796,11.72,572,6708,43
49399,797,11.712,616.3,7206,43
49449,798,11.724,573.7,6728,43
49499,799,11.72,573.8,6744,43
49549,800,11.724,578,6774,43
49599,801,11.72,574.5,6738,43
49649,802,11.724,581.8,6698,43
49699,803,11.724,576.9,6764,43
49749,804,11.724,568.5,6694,43
49799,805,11.72,584.3,6848,43
49849,806,11.72,561.8,6586,43
49899,807,11.72,582.5,6760,43
49949,808,11.728,563.6,6606,43
49999,809,11.72,575.2,6806,43
50049,810,11.724,562.9,6600,43
50099,811,11.72,550.8,6456,43
50149,812,11.724,575.2,6564,43
50199,813,11.724,575.2,6748,43
50249,814,11.724,567.1,6738,43
50299,815,11.72,577.9,6774,43
50349,816,11.72,572.9,6714,43
50399,817,11.72,589,6750,43
50449,818,11.724,575.6,6748,43
50499,819,11.728,561,6576,43
50549,820,11.72,557.4,6658,43
50599,821,11.716,612.6,7176,43
50649,822,11.724,570.5,6642,43
50699,823,11.72,567.8,6658,43
50749,824,11.716,576.2,6756,43
50799,825,11.716,547.6,6790,43
50849,826,11.72,559.4,6556,43
50899,827,11.716,583.3,6806,43
50949,828,11.712,609.6,7140,43
50999,829,11.732,569.8,6678,43
51049,830,11.724,569.3,6826,43
51099,831,11.724,572.3,6708,43
51149,832,11.732,556,6714,43
51199,833,11.724,570.7,6694,43
51249,834,11.716,579.2,6790,43
51299,835,11.712,607,7192,43
51349,836,11.716,613.2,7180,43
51399,837,11.72,571.3,6702,43
51449,838,11.72,560.8,6754,43
51499,839,11.724,564.7,6612,43
51549,840,11.724,575,6956,43
51599,841,11.708,592.2,6934,43
51649,842,11.72,553,6484,43
51699,843,11.728,584.9,6744,43
51749,844,11.724,569.6,6678,43
51799,845,11.712,612.3,7124,43
51849,846,11.72,575.1,6744,43
51899,847,11.72,574.2,6730,43
51949,848,11.724,573.4,6694,43
51999,849,11.724,577.1,6760,43
52049,850,11.716,572.2,6708,43
52099,851,11.72,572.3,6806,43
52149,852,11.724,583.5,6842,43
52199,853,11.72,565.2,6750,43
52249,854,11.728,582.4,6826,43
52299,855,11.72,575.2,6740,43
52349,856,11.72,574.9,6822,43
52399,857,11.724,575.9,6754,43
52449,858,11.72,577.1,6766,43
52499,859,11.72,580.6,6748,43
52549,860,11.724,582.8,6832,43
52599,861,11.72,575.3,6846,43
52649,862,11.72,581.9,6822,43
52699,863,11.716,581.7,6820,43
52749,864,11.72,581.2,6740,43
52799,865,11.72,581.9,6822,43
52849,866,11.72,580.2,6704,43
52899,867,11.716,580.5,6802,43
52949,868,11.728,563.2,6600,43
52999,869,11.716,567.3,6846,43
53049,870,11.724,588,6894,43
53099,871,11.72,567.8,6658,43
53149,872,11.72,582.5,7082,43
53199,873,11.724,577.3,6766,43
53249,874,11.72,579,6790,43
53299,875,11.716,580.8,6786,43
53349,876,11.724,585.9,6866,43
53399,877,11.72,575.7,6786,43
53449,878,11.712,602.6,7058,43
53499,879,11.72,567.4,6652,43
53549,880,11.72,582.7,6868,43
53599,881,11.708,607.2,7110,43
53649,882,11.72,568.3,6658,43
53699,883,11.724,584.1,6520,43
53749,884,11.724,579.4,6790,43
53799,885,11.716,582.6,6720,43
53849,886,11.72,583.2,6836,43
53899,887,11.724,579.6,6792,43
53949,888,11.72,568.2,6504,43
53999,889,11.72,561.4,6584,43
54049,890,11.72,565.9,6632,43
54099,891,11.728,573.7,6712,43
54149,892,11.716,590.6,6920,43
54199,893,11.716,570.7,6694,43
54249,894,11.728,575.5,6832,43
54299,895,11.724,574.8,6738,43
54349,896,11.72,572.9,6740,43
54399,897,11.72,577.5,6770,43
54449,898,11.724,568.8,6666,43
54499,899,11.72,586.2,6914,43
54549,900,11.724,573.6,6724,43
54599,901,11.724,575.1,6740,43
54649,902,11.724,575.1,6544,43
54699,903,11.724,569.2,6672,43
54749,904,11.724,569.8,6678,43
54799,905,11.72,567.4,6692,43
54849,906,11.728,561.9,6586,43
54899,907,11.724,562.5,6600,43
54949,908,11.724,572.4,6734,43
54999,909,11.724,561.3,6586,43
55049,910,11.724,568.2,6658,43
55099,911,11.716,570.1,6656,43
55149,912,11.732,556.7,6528,43
55199,913,11.724,555.8,6584,43
55249,914,11.724,561.7,6590,43
55299,915,11.728,558.6,6550,43
55349,916,11.724,557.1,6600,43
55399,917,11.732,551.5,6468,43
55449,918,11.724,579.4,6790,43
55499,919,11.728,550.6,6456,43
55549,920,11.728,568,6730,43
55599,921,11.732,540.5,6338,43
55649,922,11.72,571.6,6550,43
55699,923,11.72,570,6682,43
55749,924,11.736,544,6376,43
55799,925,11.732,538.8,6606,43
55849,926,11.716,595,6970,43
55899,927,11.732,548.6,6436,43
55949,928,11.724,558.3,6666,43
55999,929,11.728,557.3,6540,43
56049,930,11.736,550.9,6462,43
56099,931,11.724,564.8,6620,43
56149,932,11.728,558.4,6602,43
56199,933,11.732,561.4,6584,43
56249,934,11.724,558.6,6508,43
56299,935,11.728,556,6556,43
56349,936,11.732,559.9,6566,43
56399,937,11.724,561.6,6508,43
56449,938,11.728,561.4,6544,43
56499,939,11.728,559.8,6566,43
56549,940,11.724,553.7,6494,43
56599,941,11.728,550.8,6550,43
56649,942,11.728,561.2,6584,43
56699,943,11.72,559.2,6556,43
56749,944,11.72,575.4,6728,43
56799,945,11.716,575.3,6738,43
56849,946,11.728,558.7,6554,43
56899,947,11.72,558.9,6556,43
56949,948,11.728,558.8,6504,43
56999,949,11.732,551.4,6462,43
57049,950,11.716,561.6,6584,43
57099,951,11.724,566.9,6638,43
57149,952,11.672,643.3,7534,43
57199,953,11.728,560.2,6566,43
57249,954,11.724,558.7,6656,43
57299,955,11.732,565,6626,43
57349,956,11.716,574.2,6728,43
57399,957,11.728,562,6548,43
57449,958,11.716,574.8,6734,43
57499,959,11.732,556.6,6520,43
57549,960,11.712,586.1,6960,43
57599,961,11.716,593,6938,43
57649,962,11.732,559.1,6556,43
57699,963,11.728,564.5,6616,43
57749,964,11.724,574.1,6776,43
57798,965,11.692,666.1,7596,43
57848,966,11.564,1020,11796,44
57899,967,11.592,901.9,10702,44
#},,,,,
