ms, raceTime, arrowLost, arrowTarget, arrowEnd, driveSpeed, servoSetting, busVoltage, current, power, energySpent, P, I, D, state, 
192036, 155, False, 144, 144, 55, 95, 9.791999816894531, 1233.199951171875, 11524.0, 1308.816162109375, 0.41999998688697815, 0.0, 0.0, 2, 
192112, 230, False, 144, 144, 55, 95, 9.815999984741211, 1133.800048828125, 11194.0, 1309.48779296875, 0.41999998688697815, 0.0, 0.0, 2, 
192336, 455, False, 144, 136, 55, 95, 9.904000282287598, 955.5, 9696.0, 1311.3170166015625, 0.41999998688697815, 0.0, 0.0, 2, 
192412, 530, False, 136, 136, 55, 98, 9.87600040435791, 951.7000122070312, 9506.0, 1311.8873291015625, 0.41999998688697815, 0.0, 0.0, 2, 
192562, 681, False, 128, 120, 55, 100, 9.9399995803833, 906.7999877929688, 9510.0, 1313.027099609375, 0.41999998688697815, 0.0, 0.0, 2, 
192712, 831, False, 120, 112, 55, 103, 9.911999702453613, 1018.0, 9746.0, 1314.166748046875, 0.41999998688697815, 0.0, 0.0, 2, 
192862, 981, False, 112, 96, 55, 106, 9.907999992370605, 955.5999755859375, 9392.0, 1315.2725830078125, 0.41999998688697815, 0.0, 0.0, 2, 
193086, 1205, False, 104, 80, 55, 108, 9.947999954223633, 937.5, 9244.0, 1316.88916015625, 0.41999998688697815, 0.0, 0.0, 2, 
193236, 1355, False, 104, 72, 55, 108, 9.95199966430664, 919.5999755859375, 8028.0, 1317.916015625, 0.41999998688697815, 0.0, 0.0, 2, 
193386, 1505, False, 104, 72, 55, 108, 9.979999542236328, 930.4000244140625, 8052.0, 1318.942626953125, 0.41999998688697815, 0.0, 0.0, 2, 
193536, 1655, False, 112, 72, 49, 106, 10.107999801635742, 584.7999877929688, 5918.0, 1319.7840576171875, 0.41999998688697815, 0.0, 0.0, 2, 
193612, 1730, False, 112, 72, 49, 106, 10.116000175476074, 599.0, 5968.0, 1320.14208984375, 0.41999998688697815, 0.0, 0.0, 2, 
193762, 1881, False, 120, 80, 49, 103, 10.095999717712402, 592.7999877929688, 6262.0, 1320.88623046875, 0.41999998688697815, 0.0, 0.0, 2, 
193912, 2031, False, 136, 96, 49, 98, 10.083999633789062, 620.5, 6328.0, 1321.629638671875, 0.41999998688697815, 0.0, 0.0, 2, 
194062, 2181, False, 136, 104, 55, 98, 9.895999908447266, 963.2999877929688, 9536.0, 1322.5572509765625, 0.41999998688697815, 0.0, 0.0, 2, 
194212, 2331, False, 128, 104, 55, 100, 9.883999824523926, 948.5, 9398.0, 1323.4700927734375, 0.41999998688697815, 0.0, 0.0, 2, 
194362, 2481, False, 128, 96, 55, 100, 9.883999824523926, 928.2000122070312, 9040.0, 1324.5523681640625, 0.41999998688697815, 0.0, 0.0, 2, 
194512, 2631, False, 128, 96, 55, 100, 9.907999992370605, 931.7999877929688, 8854.0, 1325.6361083984375, 0.41999998688697815, 0.0, 0.0, 2, 
194662, 2781, False, 120, 88, 55, 103, 9.895999908447266, 949.4000244140625, 9332.0, 1326.7333984375, 0.41999998688697815, 0.0, 0.0, 2, 
194886, 3005, False, 120, 88, 55, 103, 9.920000076293945, 869.5, 8460.0, 1328.244873046875, 0.41999998688697815, 0.0, 0.0, 2, 
194962, 3080, False, 120, 80, 49, 103, 10.092000007629395, 577.0, 5850.0, 1328.5958251953125, 0.41999998688697815, 0.0, 0.0, 2, 
195112, 3231, False, 120, 80, 49, 103, 10.104000091552734, 619.7000122070312, 6216.0, 1329.320068359375, 0.41999998688697815, 0.0, 0.0, 2, 
195336, 3455, False, 136, 88, 49, 98, 10.076000213623047, 573.9000244140625, 5912.0, 1330.587890625, 0.41999998688697815, 0.0, 0.0, 2, 
195486, 3605, False, 184, 96, 49, 82, 10.071999549865723, 623.2999877929688, 5896.0, 1331.29541015625, 0.41999998688697815, 0.0, 0.0, 2, 
195636, 3755, False, 256, 128, 49, 58, 10.064000129699707, 615.0, 6240.0, 1332.0838623046875, 0.41999998688697815, 0.0, 0.0, 2, 
195786, 3905, False, 304, 176, 49, 42, 10.071999549865723, 606.5999755859375, 5876.0, 1332.8380126953125, 0.41999998688697815, 0.0, 0.0, 2, 
195862, 3980, False, 304, 176, 49, 42, 10.067999839782715, 605.7999877929688, 6040.0, 1333.200439453125, 0.41999998688697815, 0.0, 0.0, 2, 
196086, 4205, False, 296, 152, 49, 44, 10.071999549865723, 630.5999755859375, 6174.0, 1334.3084716796875, 0.41999998688697815, 0.0, 0.0, 2, 
196162, 4280, False, 280, 136, 49, 50, 10.043999671936035, 647.7000122070312, 6344.0, 1334.6890869140625, 0.41999998688697815, 0.0, 0.0, 2, 
196386, 4505, False, 232, 24, 49, 66, 10.04800033569336, 640.7999877929688, 6456.0, 1335.850830078125, 0.41999998688697815, 0.0, 0.0, 2, 
196462, 4580, False, 232, 16, 49, 66, 10.064000129699707, 615.7999877929688, 6130.0, 1336.2186279296875, 0.41999998688697815, 0.0, 0.0, 2, 
196612, 4731, False, 256, 16, 49, 58, 10.043999671936035, 656.5999755859375, 6482.0, 1336.99169921875, 0.41999998688697815, 0.0, 0.0, 2, 
196762, 4881, False, 288, 32, 49, 47, 10.031999588012695, 644.2000122070312, 6442.0, 1337.7640380859375, 0.41999998688697815, 0.0, 0.0, 2, 
196912, 5031, False, 304, 48, 49, 42, 10.039999961853027, 643.7999877929688, 6422.0, 1338.5357666015625, 0.41999998688697815, 0.0, 0.0, 2, 
197136, 5255, False, 304, 40, 49, 42, 10.031999588012695, 644.7999877929688, 6446.0, 1339.6951904296875, 0.41999998688697815, 0.0, 0.0, 2, 
197212, 5330, False, 296, 40, 49, 44, 10.027999877929688, 643.7000122070312, 6524.0, 1340.086669921875, 0.41999998688697815, 0.0, 0.0, 2, 
197436, 5555, False, 248, 40, 49, 60, 10.027999877929688, 647.7999877929688, 6420.0, 1341.24658203125, 0.41999998688697815, 0.0, 0.0, 2, 
197512, 5630, False, 216, 40, 49, 71, 10.031999588012695, 651.7999877929688, 6448.0, 1341.6334228515625, 0.41999998688697815, 0.0, 0.0, 2, 
197736, 5855, False, 168, 32, 49, 87, 10.02400016784668, 645.0, 6476.0, 1342.79296875, 0.41999998688697815, 0.0, 0.0, 2, 
197886, 6005, False, 152, 48, 49, 92, 10.02400016784668, 641.7000122070312, 6456.0, 1343.5667724609375, 0.41999998688697815, 0.0, 0.0, 2, 
198036, 6155, False, 152, 72, 49, 92, 10.02400016784668, 641.2999877929688, 6420.0, 1344.3387451171875, 0.41999998688697815, 0.0, 0.0, 2, 
198186, 6305, False, 160, 88, 49, 90, 10.020000457763672, 643.0999755859375, 6390.0, 1345.10888671875, 0.41999998688697815, 0.0, 0.0, 2, 
198262, 6380, False, 160, 88, 49, 90, 10.020000457763672, 648.7999877929688, 6416.0, 1345.493896484375, 0.41999998688697815, 0.0, 0.0, 2, 
198412, 6531, False, 160, 104, 49, 90, 10.02400016784668, 636.5, 6364.0, 1346.2647705078125, 0.41999998688697815, 0.0, 0.0, 2, 
198562, 6681, False, 160, 104, 49, 90, 10.015999794006348, 636.5999755859375, 6396.0, 1347.035400390625, 0.41999998688697815, 0.0, 0.0, 2, 
198712, 6831, False, 152, 104, 49, 92, 10.015999794006348, 639.7999877929688, 6304.0, 1347.7978515625, 0.41999998688697815, 0.0, 0.0, 2, 
198936, 7055, False, 136, 96, 49, 98, 10.008000373840332, 645.4000244140625, 6394.0, 1348.9573974609375, 0.41999998688697815, 0.0, 0.0, 2, 
199012, 7130, False, 128, 88, 49, 100, 10.015999794006348, 645.0, 6374.0, 1349.33984375, 0.41999998688697815, 0.0, 0.0, 2, 
199236, 7355, False, 128, 88, 49, 100, 10.01200008392334, 627.0999755859375, 6380.0, 1350.488037109375, 0.41999998688697815, 0.0, 0.0, 2, 
199312, 7430, False, 128, 88, 49, 100, 10.01200008392334, 637.2999877929688, 6334.0, 1350.8680419921875, 0.41999998688697815, 0.0, 0.0, 2, 
199462, 7581, False, 120, 80, 49, 103, 10.020000457763672, 592.4000244140625, 6036.0, 1351.8282470703125, 0.41999998688697815, 0.0, 0.0, 2, 
199686, 7805, False, 120, 80, 49, 103, 10.008000373840332, 622.9000244140625, 6262.0, 1352.9569091796875, 0.41999998688697815, 0.0, 0.0, 2, 
199836, 7955, False, 120, 80, 49, 103, 10.015999794006348, 615.0999755859375, 6088.0, 1353.6953125, 0.41999998688697815, 0.0, 0.0, 2, 
199986, 8105, False, 120, 80, 49, 103, 10.008000373840332, 638.0999755859375, 6276.0, 1354.447021484375, 0.41999998688697815, 0.0, 0.0, 2, 
200136, 8255, False, 120, 80, 49, 103, 10.01200008392334, 630.5, 6318.0, 1355.201416015625, 0.41999998688697815, 0.0, 0.0, 2, 
200212, 8330, False, 120, 80, 49, 103, 9.996000289916992, 652.7999877929688, 6430.0, 1355.587158203125, 0.41999998688697815, 0.0, 0.0, 2, 
200436, 8555, False, 120, 80, 49, 103, 10.0, 620.5, 6292.0, 1356.7174072265625, 0.41999998688697815, 0.0, 0.0, 2, 
200586, 8705, False, 112, 80, 55, 106, 9.807999610900879, 942.0, 9224.0, 1357.8597412109375, 0.41999998688697815, 0.0, 0.0, 2, 
200736, 8855, False, 112, 72, 49, 106, 10.031999588012695, 606.7999877929688, 5872.0, 1358.5677490234375, 0.41999998688697815, 0.0, 0.0, 2, 
200812, 8930, False, 104, 80, 55, 108, 9.800000190734863, 952.7000122070312, 9302.0, 1359.1258544921875, 0.41999998688697815, 0.0, 0.0, 2, 
200962, 9081, False, 96, 64, 55, 111, 9.85200023651123, 904.2000122070312, 9248.0, 1360.2393798828125, 0.41999998688697815, 0.0, 0.0, 2, 
201112, 9231, False, 128, 88, 49, 100, 10.0, 605.4000244140625, 5974.0, 1361.1412353515625, 0.41999998688697815, 0.0, 0.0, 2, 
201262, 9381, False, 152, 112, 49, 92, 10.0, 616.7000122070312, 6086.0, 1361.8714599609375, 0.41999998688697815, 0.0, 0.0, 2, 
201412, 9531, False, 160, 120, 49, 90, 9.984000205993652, 641.7000122070312, 6350.0, 1362.629150390625, 0.41999998688697815, 0.0, 0.0, 2, 
201562, 9681, False, 152, 112, 49, 92, 9.97599983215332, 646.4000244140625, 6422.0, 1363.40625, 0.41999998688697815, 0.0, 0.0, 2, 
201712, 9831, False, 152, 112, 49, 92, 9.972000122070312, 654.2000122070312, 6492.0, 1364.1868896484375, 0.41999998688697815, 0.0, 0.0, 2, 
201936, 10055, False, 144, 104, 49, 95, 9.968000411987305, 654.5, 6666.0, 1365.3714599609375, 0.41999998688697815, 0.0, 0.0, 2, 
202086, 10205, False, 144, 104, 49, 95, 9.968000411987305, 648.2999877929688, 6606.0, 1366.1611328125, 0.41999998688697815, 0.0, 0.0, 2, 
202162, 10280, False, 144, 104, 49, 95, 9.972000122070312, 668.7000122070312, 6386.0, 1366.5443115234375, 0.41999998688697815, 0.0, 0.0, 2, 
202312, 10431, False, 144, 96, 49, 95, 9.96399974822998, 670.5, 6622.0, 1367.33642578125, 0.41999998688697815, 0.0, 0.0, 2, 
202462, 10581, False, 136, 96, 49, 98, 9.95199966430664, 653.0999755859375, 6524.0, 1368.1207275390625, 0.41999998688697815, 0.0, 0.0, 2, 
202686, 10805, False, 136, 96, 49, 98, 9.96399974822998, 662.7000122070312, 6488.0, 1369.3026123046875, 0.41999998688697815, 0.0, 0.0, 2, 
202762, 10880, False, 136, 96, 49, 98, 9.960000038146973, 652.9000244140625, 6286.0, 1369.6798095703125, 0.41999998688697815, 0.0, 0.0, 2, 
202986, 11105, False, 136, 88, 49, 98, 9.95199966430664, 650.0999755859375, 6492.0, 1370.8560791015625, 0.41999998688697815, 0.0, 0.0, 2, 
203136, 11255, False, 128, 80, 49, 100, 9.960000038146973, 639.4000244140625, 6540.0, 1371.6275634765625, 0.41999998688697815, 0.0, 0.0, 2, 
203286, 11405, False, 128, 80, 49, 100, 9.96399974822998, 655.0, 6466.0, 1372.402587890625, 0.41999998688697815, 0.0, 0.0, 2, 
203436, 11555, False, 120, 72, 49, 103, 9.960000038146973, 654.4000244140625, 6468.0, 1373.159912109375, 0.41999998688697815, 0.0, 0.0, 2, 
203586, 11705, False, 112, 64, 49, 106, 9.960000038146973, 638.4000244140625, 6286.0, 1373.9150390625, 0.41999998688697815, 0.0, 0.0, 2, 
203736, 11855, False, 112, 64, 49, 106, 9.968000411987305, 602.5999755859375, 6194.0, 1374.6588134765625, 0.41999998688697815, 0.0, 0.0, 2, 
203812, 11930, False, 112, 80, 55, 106, 9.755999565124512, 977.5, 9414.0, 1375.2236328125, 0.41999998688697815, 0.0, 0.0, 2, 
204036, 12155, False, 216, 104, 49, 71, 9.984000205993652, 598.4000244140625, 5696.0, 1376.267333984375, 0.41999998688697815, 0.0, 0.0, 2, 
204112, 12230, False, 304, 208, 49, 42, 9.979999542236328, 621.4000244140625, 6456.0, 1376.6546630859375, 0.41999998688697815, 0.0, 0.0, 2, 
204328, 12449, True, 296, 264, 55, 44, 9.812000274658203, 860.2999877929688, 9008.0, 1378.2860107421875, 0.41999998688697815, 0.0, 0.0, 2, 
204472, 12593, True, 296, 264, 55, 44, 9.784000396728516, 909.0, 8660.0, 1379.3104248046875, 0.41999998688697815, 0.0, 0.0, 2, 
204616, 12737, True, 296, 264, 55, 44, 9.800000190734863, 904.2000122070312, 8714.0, 1380.366455078125, 0.41999998688697815, 0.0, 0.0, 2, 
204760, 12881, True, 296, 264, 55, 44, 9.819999694824219, 898.5, 8536.0, 1381.3929443359375, 0.41999998688697815, 0.0, 0.0, 2, 
204908, 13027, False, 296, 272, 55, 44, 9.868000030517578, 918.0, 7494.0, 1382.3466796875, 0.41999998688697815, 0.0, 0.0, 2, 
205058, 13177, False, 304, 216, 49, 42, 9.968000411987305, 595.7000122070312, 5932.0, 1383.0494384765625, 0.41999998688697815, 0.0, 0.0, 2, 
205208, 13327, False, 296, 144, 49, 44, 9.968000411987305, 602.9000244140625, 6062.0, 1383.771240234375, 0.41999998688697815, 0.0, 0.0, 2, 
205358, 13477, False, 240, 72, 49, 63, 9.95199966430664, 595.5999755859375, 5968.0, 1384.46435546875, 0.41999998688697815, 0.0, 0.0, 2, 
205508, 13627, False, 192, 16, 49, 79, 9.944000244140625, 621.7000122070312, 6212.0, 1385.191162109375, 0.41999998688697815, 0.0, 0.0, 2, 
205658, 13777, False, 192, 72, 49, 79, 9.947999954223633, 629.7000122070312, 6168.0, 1385.9307861328125, 0.41999998688697815, 0.0, 0.0, 2, 
205808, 13927, False, 200, 48, 49, 76, 9.9399995803833, 639.0, 6338.0, 1386.6802978515625, 0.41999998688697815, 0.0, 0.0, 2, 
205958, 14077, False, 184, 64, 49, 82, 9.9399995803833, 625.0, 6298.0, 1387.428466796875, 0.41999998688697815, 0.0, 0.0, 2, 
206108, 14227, False, 160, 64, 49, 90, 9.935999870300293, 626.9000244140625, 6104.0, 1388.1744384765625, 0.41999998688697815, 0.0, 0.0, 2, 
206258, 14377, False, 144, 72, 49, 95, 9.923999786376953, 637.5999755859375, 6246.0, 1388.921142578125, 0.41999998688697815, 0.0, 0.0, 2, 
206408, 14527, False, 144, 80, 49, 95, 9.932000160217285, 626.7000122070312, 6122.0, 1389.6666259765625, 0.41999998688697815, 0.0, 0.0, 2, 
206558, 14677, False, 136, 88, 49, 98, 9.928000450134277, 636.7999877929688, 6308.0, 1390.4200439453125, 0.41999998688697815, 0.0, 0.0, 2, 
206708, 14827, False, 136, 88, 49, 98, 9.935999870300293, 627.9000244140625, 6174.0, 1391.166015625, 0.41999998688697815, 0.0, 0.0, 2, 
206858, 14977, False, 136, 96, 49, 98, 9.928000450134277, 634.0, 5996.0, 1391.8995361328125, 0.41999998688697815, 0.0, 0.0, 2, 
207008, 15127, False, 136, 96, 49, 98, 9.923999786376953, 629.7000122070312, 6190.0, 1392.638671875, 0.41999998688697815, 0.0, 0.0, 2, 
207158, 15277, False, 136, 96, 49, 98, 9.928000450134277, 622.7000122070312, 6304.0, 1393.3880615234375, 0.41999998688697815, 0.0, 0.0, 2, 
207308, 15427, False, 128, 96, 55, 100, 9.732000350952148, 952.0, 8968.0, 1394.515869140625, 0.41999998688697815, 0.0, 0.0, 2, 
207458, 15577, False, 128, 96, 55, 100, 9.739999771118164, 912.5999755859375, 8880.0, 1395.3970947265625, 0.41999998688697815, 0.0, 0.0, 2, 
207608, 15727, False, 128, 88, 49, 100, 9.928000450134277, 599.7999877929688, 5846.0, 1396.0982666015625, 0.41999998688697815, 0.0, 0.0, 2, 
207758, 15877, False, 120, 88, 55, 103, 9.708000183105469, 976.4000244140625, 9476.0, 1397.0303955078125, 0.41999998688697815, 0.0, 0.0, 2, 
207908, 16027, False, 120, 88, 55, 103, 9.772000312805176, 887.2999877929688, 8916.0, 1398.107666015625, 0.41999998688697815, 0.0, 0.0, 2, 
208058, 16177, False, 120, 88, 55, 103, 9.807999610900879, 792.7999877929688, 8460.0, 1399.09228515625, 0.41999998688697815, 0.0, 0.0, 2, 
208208, 16327, False, 128, 88, 49, 100, 9.935999870300293, 583.5, 5764.0, 1399.782958984375, 0.41999998688697815, 0.0, 0.0, 2, 
208358, 16477, False, 128, 88, 49, 100, 9.935999870300293, 599.7999877929688, 5924.0, 1400.4901123046875, 0.41999998688697815, 0.0, 0.0, 2, 
208508, 16627, False, 120, 88, 55, 103, 9.727999687194824, 929.5999755859375, 9172.0, 1401.3961181640625, 0.41999998688697815, 0.0, 0.0, 2, 
208658, 16777, False, 120, 88, 55, 103, 9.760000228881836, 920.5999755859375, 8838.0, 1402.46630859375, 0.41999998688697815, 0.0, 0.0, 2, 
208808, 16927, False, 128, 88, 49, 100, 9.928000450134277, 587.7000122070312, 5822.0, 1403.2947998046875, 0.41999998688697815, 0.0, 0.0, 2, 
208958, 17077, False, 120, 88, 55, 103, 9.784000396728516, 898.7999877929688, 8532.0, 1404.348388671875, 0.41999998688697815, 0.0, 0.0, 2, 
209108, 17227, False, 120, 88, 55, 103, 9.744000434875488, 777.5, 8654.0, 1405.381591796875, 0.41999998688697815, 0.0, 0.0, 2, 
209258, 17377, False, 128, 88, 49, 100, 9.932000160217285, 571.5, 5668.0, 1406.065673828125, 0.41999998688697815, 0.0, 0.0, 2, 
209408, 17527, False, 128, 88, 49, 100, 9.916000366210938, 581.0, 5794.0, 1406.7723388671875, 0.41999998688697815, 0.0, 0.0, 2, 
209558, 17677, False, 128, 88, 49, 100, 9.907999992370605, 603.0, 5878.0, 1407.4732666015625, 0.41999998688697815, 0.0, 0.0, 2, 
209708, 17827, False, 136, 88, 49, 98, 9.907999992370605, 610.7000122070312, 5950.0, 1408.184814453125, 0.41999998688697815, 0.0, 0.0, 2, 
209858, 17977, False, 184, 96, 49, 82, 9.907999992370605, 605.7999877929688, 5770.0, 1408.8836669921875, 0.41999998688697815, 0.0, 0.0, 2, 
210008, 18127, False, 256, 120, 49, 58, 9.824000358581543, 705.2999877929688, 6964.0, 1409.671142578125, 0.41999998688697815, 0.0, 0.0, 2, 
210158, 18277, False, 296, 128, 49, 44, 9.892000198364258, 628.0, 6022.0, 1410.3780517578125, 0.41999998688697815, 0.0, 0.0, 2, 
210308, 18427, False, 288, 96, 49, 47, 9.887999534606934, 623.5, 6292.0, 1411.111083984375, 0.41999998688697815, 0.0, 0.0, 2, 
210458, 18577, False, 240, 48, 49, 63, 9.880000114440918, 631.2999877929688, 6118.0, 1411.850341796875, 0.41999998688697815, 0.0, 0.0, 2, 
210608, 18727, False, 208, 16, 49, 74, 9.880000114440918, 631.4000244140625, 6154.0, 1412.5941162109375, 0.41999998688697815, 0.0, 0.0, 2, 
210758, 18877, False, 248, 56, 49, 60, 9.868000030517578, 630.7000122070312, 6266.0, 1413.3433837890625, 0.41999998688697815, 0.0, 0.0, 2, 
210908, 19027, False, 296, 56, 49, 44, 9.871999740600586, 636.0999755859375, 6298.0, 1414.093994140625, 0.41999998688697815, 0.0, 0.0, 2, 
211058, 19177, False, 312, 56, 49, 38, 9.868000030517578, 647.5999755859375, 6364.0, 1414.85302734375, 0.41999998688697815, 0.0, 0.0, 2, 
211208, 19327, False, 304, 56, 49, 42, 9.86400032043457, 646.7999877929688, 6312.0, 1415.6114501953125, 0.41999998688697815, 0.0, 0.0, 2, 
211358, 19477, False, 296, 40, 49, 44, 9.868000030517578, 642.2000122070312, 6278.0, 1416.3677978515625, 0.41999998688697815, 0.0, 0.0, 2, 
211508, 19627, False, 296, 24, 49, 44, 9.868000030517578, 648.5, 6252.0, 1417.1192626953125, 0.41999998688697815, 0.0, 0.0, 2, 
211658, 19777, False, 288, 16, 49, 47, 9.859999656677246, 639.7999877929688, 6328.0, 1417.8760986328125, 0.41999998688697815, 0.0, 0.0, 2, 
211808, 19927, False, 256, 64, 49, 58, 9.855999946594238, 642.7000122070312, 6232.0, 1418.628662109375, 0.41999998688697815, 0.0, 0.0, 2, 
211958, 20077, False, 208, 16, 49, 74, 9.859999656677246, 647.7000122070312, 6252.0, 1419.3831787109375, 0.41999998688697815, 0.0, 0.0, 2, 
212108, 20227, False, 184, 32, 49, 82, 9.855999946594238, 657.2000122070312, 6246.0, 1420.139404296875, 0.41999998688697815, 0.0, 0.0, 2, 
212258, 20377, False, 168, 48, 49, 87, 9.85200023651123, 643.2000122070312, 6318.0, 1420.895751953125, 0.41999998688697815, 0.0, 0.0, 2, 
212408, 20527, False, 168, 64, 49, 87, 9.855999946594238, 641.2999877929688, 6348.0, 1421.654296875, 0.41999998688697815, 0.0, 0.0, 2, 
212558, 20677, False, 160, 80, 49, 90, 9.85200023651123, 638.5999755859375, 6236.0, 1422.4039306640625, 0.41999998688697815, 0.0, 0.0, 2, 
212708, 20827, False, 152, 80, 49, 92, 9.855999946594238, 641.7999877929688, 6246.0, 1423.1563720703125, 0.41999998688697815, 0.0, 0.0, 2, 
212858, 20977, False, 152, 88, 49, 92, 9.847999572753906, 643.0999755859375, 6248.0, 1423.903564453125, 0.41999998688697815, 0.0, 0.0, 2, 
213008, 21127, False, 144, 88, 49, 95, 9.847999572753906, 627.7999877929688, 6094.0, 1424.64453125, 0.41999998688697815, 0.0, 0.0, 2, 
213158, 21277, False, 136, 88, 49, 98, 9.85200023651123, 632.5, 6242.0, 1425.391357421875, 0.41999998688697815, 0.0, 0.0, 2, 
213308, 21427, False, 136, 88, 49, 98, 9.85200023651123, 636.0, 6204.0, 1426.1358642578125, 0.41999998688697815, 0.0, 0.0, 2, 
213458, 21577, False, 136, 96, 49, 98, 9.847999572753906, 633.2000122070312, 6222.0, 1426.8797607421875, 0.41999998688697815, 0.0, 0.0, 2, 
213608, 21727, False, 136, 96, 49, 98, 9.847999572753906, 636.9000244140625, 6176.0, 1427.621826171875, 0.41999998688697815, 0.0, 0.0, 2, 
213758, 21877, False, 136, 96, 49, 98, 9.847999572753906, 633.9000244140625, 6164.0, 1428.361328125, 0.41999998688697815, 0.0, 0.0, 2, 
213908, 22027, False, 136, 96, 49, 98, 9.843999862670898, 639.0, 6222.0, 1429.104248046875, 0.41999998688697815, 0.0, 0.0, 2, 
214058, 22177, False, 128, 96, 55, 100, 9.63599967956543, 946.7999877929688, 9222.0, 1430.2523193359375, 0.41999998688697815, 0.0, 0.0, 2, 
214208, 22327, False, 128, 88, 49, 100, 9.836000442504883, 585.5999755859375, 6140.0, 1430.9727783203125, 0.41999998688697815, 0.0, 0.0, 2, 
214358, 22477, False, 128, 88, 49, 100, 9.868000030517578, 607.5999755859375, 5748.0, 1431.8411865234375, 0.41999998688697815, 0.0, 0.0, 2, 
214508, 22627, False, 120, 88, 55, 103, 9.668000221252441, 878.7000122070312, 8832.0, 1432.9232177734375, 0.41999998688697815, 0.0, 0.0, 2, 
214658, 22777, False, 120, 88, 55, 103, 9.692000389099121, 895.5999755859375, 8608.0, 1433.9500732421875, 0.41999998688697815, 0.0, 0.0, 2, 
214808, 22927, False, 128, 88, 49, 100, 9.86400032043457, 573.2999877929688, 5610.0, 1434.79443359375, 0.41999998688697815, 0.0, 0.0, 2, 
214958, 23077, False, 128, 88, 49, 100, 9.86400032043457, 597.7000122070312, 5860.0, 1435.490234375, 0.41999998688697815, 0.0, 0.0, 2, 
215108, 23227, False, 120, 88, 55, 103, 9.663999557495117, 916.2000122070312, 8648.0, 1436.363037109375, 0.41999998688697815, 0.0, 0.0, 2, 
215258, 23377, False, 104, 80, 55, 108, 9.687999725341797, 881.4000244140625, 8192.0, 1437.36767578125, 0.41999998688697815, 0.0, 0.0, 2, 
215408, 23527, False, 112, 80, 55, 106, 9.668000221252441, 851.0, 7936.0, 1438.3861083984375, 0.41999998688697815, 0.0, 0.0, 2, 
215558, 23677, False, 144, 104, 49, 95, 9.836000442504883, 578.5999755859375, 5892.0, 1439.08349609375, 0.41999998688697815, 0.0, 0.0, 2, 
215708, 23827, False, 160, 112, 49, 90, 9.831999778747559, 625.5, 5990.0, 1439.806884765625, 0.41999998688697815, 0.0, 0.0, 2, 
215858, 23977, False, 152, 112, 49, 92, 9.819999694824219, 640.0999755859375, 6258.0, 1440.5552978515625, 0.41999998688697815, 0.0, 0.0, 2, 
216008, 24127, False, 144, 104, 49, 95, 9.807999610900879, 658.9000244140625, 6410.0, 1441.3184814453125, 0.41999998688697815, 0.0, 0.0, 2, 
216158, 24277, False, 144, 96, 49, 95, 9.815999984741211, 622.4000244140625, 6268.0, 1442.0733642578125, 0.41999998688697815, 0.0, 0.0, 2, 
216308, 24427, False, 136, 96, 49, 98, 9.812000274658203, 647.9000244140625, 6324.0, 1442.815185546875, 0.41999998688697815, 0.0, 0.0, 2, 
216458, 24577, False, 136, 96, 49, 98, 9.819999694824219, 621.2999877929688, 6032.0, 1443.5599365234375, 0.41999998688697815, 0.0, 0.0, 2, 
216608, 24727, False, 136, 88, 49, 98, 9.791999816894531, 656.4000244140625, 6410.0, 1444.3031005859375, 0.41999998688697815, 0.0, 0.0, 2, 
216758, 24877, False, 128, 88, 49, 100, 9.791999816894531, 652.0999755859375, 6328.0, 1445.06689453125, 0.41999998688697815, 0.0, 0.0, 2, 
216908, 25027, False, 128, 80, 49, 100, 9.795999526977539, 646.2999877929688, 6374.0, 1445.8349609375, 0.41999998688697815, 0.0, 0.0, 2, 
217058, 25177, False, 128, 80, 49, 100, 9.795999526977539, 650.5, 6376.0, 1446.5965576171875, 0.41999998688697815, 0.0, 0.0, 2, 
217208, 25327, False, 120, 72, 49, 103, 9.803999900817871, 637.7000122070312, 6180.0, 1447.3433837890625, 0.41999998688697815, 0.0, 0.0, 2, 
217358, 25477, False, 112, 64, 49, 106, 9.800000190734863, 626.2999877929688, 6190.0, 1448.08837890625, 0.41999998688697815, 0.0, 0.0, 2, 
217508, 25627, False, 112, 64, 49, 106, 9.82800006866455, 632.5, 6010.0, 1448.8111572265625, 0.41999998688697815, 0.0, 0.0, 2, 
217658, 25777, False, 136, 56, 49, 98, 9.819999694824219, 608.5, 5786.0, 1449.511474609375, 0.41999998688697815, 0.0, 0.0, 2, 
217808, 25927, False, 280, 176, 49, 50, 9.824000358581543, 589.4000244140625, 5518.0, 1450.1932373046875, 0.41999998688697815, 0.0, 0.0, 2, 
217958, 26077, False, 296, 264, 55, 44, 9.607999801635742, 921.2000122070312, 9302.0, 1451.1015625, 0.41999998688697815, 0.0, 0.0, 2, 
218108, 26227, False, 296, 280, 55, 44, 9.631999969482422, 905.0, 8274.0, 1452.1212158203125, 0.41999998688697815, 0.0, 0.0, 2, 
218258, 26377, False, 296, 264, 55, 44, 9.67199993133545, 906.2999877929688, 8930.0, 1453.18603515625, 0.41999998688697815, 0.0, 0.0, 2, 
218408, 26527, False, 304, 232, 49, 42, 9.819999694824219, 601.0, 5686.0, 1453.8485107421875, 0.41999998688697815, 0.0, 0.0, 2, 
218558, 26677, False, 304, 192, 49, 42, 9.824000358581543, 601.5, 5940.0, 1454.5504150390625, 0.41999998688697815, 0.0, 0.0, 2, 
218708, 26827, False, 296, 128, 49, 44, 9.795999526977539, 625.0999755859375, 6086.0, 1455.256103515625, 0.41999998688697815, 0.0, 0.0, 2, 
218858, 26977, False, 256, 80, 49, 58, 9.791999816894531, 626.7000122070312, 6094.0, 1455.986083984375, 0.41999998688697815, 0.0, 0.0, 2, 
219008, 27127, False, 216, 16, 49, 71, 9.779999732971191, 622.7000122070312, 6092.0, 1456.7166748046875, 0.41999998688697815, 0.0, 0.0, 2, 
219158, 27277, False, 224, 16, 49, 68, 9.779999732971191, 635.2999877929688, 6062.0, 1457.4490966796875, 0.41999998688697815, 0.0, 0.0, 2, 
219308, 27427, False, 264, 24, 49, 55, 9.772000312805176, 663.7000122070312, 6318.0, 1458.1951904296875, 0.41999998688697815, 0.0, 0.0, 2, 
219458, 27577, False, 280, 48, 49, 50, 9.779999732971191, 633.0, 6102.0, 1458.9364013671875, 0.41999998688697815, 0.0, 0.0, 2, 
219608, 27727, False, 232, 56, 49, 66, 9.763999938964844, 637.5, 6272.0, 1459.6929931640625, 0.41999998688697815, 0.0, 0.0, 2, 
219758, 27877, False, 176, 48, 49, 84, 9.772000312805176, 631.2000122070312, 6114.0, 1460.407470703125, 0.41999998688697815, 0.0, 0.0, 2, 
219908, 28027, False, 144, 40, 49, 95, 9.772000312805176, 639.4000244140625, 6180.0, 1461.1435546875, 0.41999998688697815, 0.0, 0.0, 2, 
220058, 28177, False, 144, 56, 49, 95, 9.772000312805176, 623.4000244140625, 6094.0, 1461.87939453125, 0.41999998688697815, 0.0, 0.0, 2, 
220208, 28327, False, 152, 80, 49, 92, 9.767999649047852, 624.0, 6046.0, 1462.605712890625, 0.41999998688697815, 0.0, 0.0, 2, 
220358, 28477, False, 160, 96, 49, 90, 9.772000312805176, 625.2999877929688, 6052.0, 1463.33349609375, 0.41999998688697815, 0.0, 0.0, 2, 
220508, 28627, False, 160, 112, 49, 90, 9.763999938964844, 626.9000244140625, 6050.0, 1464.05712890625, 0.41999998688697815, 0.0, 0.0, 2, 
220658, 28777, False, 152, 104, 49, 92, 9.763999938964844, 626.4000244140625, 6206.0, 1464.7884521484375, 0.41999998688697815, 0.0, 0.0, 2, 
220808, 28927, False, 136, 96, 49, 98, 9.763999938964844, 634.2999877929688, 6128.0, 1465.521240234375, 0.41999998688697815, 0.0, 0.0, 2, 
220958, 29077, False, 120, 88, 55, 103, 9.555999755859375, 996.2000122070312, 9208.0, 1466.4324951171875, 0.41999998688697815, 0.0, 0.0, 2, 
221108, 29227, False, 120, 80, 49, 103, 9.784000396728516, 588.5, 5544.0, 1467.1016845703125, 0.41999998688697815, 0.0, 0.0, 2, 
221258, 29377, False, 120, 88, 55, 103, 9.607999801635742, 937.2000122070312, 8986.0, 1468.201416015625, 0.41999998688697815, 0.0, 0.0, 2, 
221408, 29527, False, 128, 88, 49, 100, 9.788000106811523, 577.2000122070312, 5754.0, 1469.0452880859375, 0.41999998688697815, 0.0, 0.0, 2, 
221558, 29677, False, 128, 88, 49, 100, 9.772000312805176, 571.0999755859375, 5778.0, 1469.7249755859375, 0.41999998688697815, 0.0, 0.0, 2, 
221708, 29827, False, 128, 88, 49, 100, 9.767999649047852, 584.9000244140625, 5688.0, 1470.410888671875, 0.41999998688697815, 0.0, 0.0, 2, 
221858, 29977, False, 120, 88, 55, 103, 9.571999549865723, 911.0, 8768.0, 1471.4840087890625, 0.41999998688697815, 0.0, 0.0, 2, 
222008, 30127, False, 120, 88, 55, 103, 9.588000297546387, 896.7999877929688, 8664.0, 1472.52392578125, 0.41999998688697815, 0.0, 0.0, 2, 
222158, 30277, False, 128, 88, 49, 100, 9.763999938964844, 584.2999877929688, 5574.0, 1473.35546875, 0.41999998688697815, 0.0, 0.0, 2, 
222308, 30427, False, 128, 88, 49, 100, 9.767999649047852, 588.7000122070312, 5722.0, 1474.0355224609375, 0.41999998688697815, 0.0, 0.0, 2, 
222458, 30577, False, 120, 88, 55, 103, 9.579999923706055, 884.9000244140625, 8526.0, 1475.0765380859375, 0.41999998688697815, 0.0, 0.0, 2, 
222608, 30727, False, 120, 80, 49, 103, 9.772000312805176, 569.5999755859375, 5672.0, 1475.9398193359375, 0.41999998688697815, 0.0, 0.0, 2, 
222758, 30877, False, 120, 88, 55, 103, 9.576000213623047, 861.7000122070312, 8598.0, 1476.9561767578125, 0.41999998688697815, 0.0, 0.0, 2, 
222908, 31027, False, 120, 88, 55, 103, 9.583999633789062, 867.0999755859375, 8516.0, 1477.9771728515625, 0.41999998688697815, 0.0, 0.0, 2, 
223058, 31177, False, 120, 88, 55, 103, 9.600000381469727, 804.2999877929688, 7636.0, 1478.76513671875, 0.41999998688697815, 0.0, 0.0, 2, 
223208, 31327, False, 120, 88, 55, 103, 9.588000297546387, 887.0999755859375, 8198.0, 1479.76171875, 0.41999998688697815, 0.0, 0.0, 2, 
223358, 31477, False, 128, 88, 49, 100, 9.755999565124512, 566.5, 5532.0, 1480.4237060546875, 0.41999998688697815, 0.0, 0.0, 2, 
223508, 31627, False, 128, 96, 55, 100, 9.595999717712402, 898.2999877929688, 8612.0, 1481.2730712890625, 0.41999998688697815, 0.0, 0.0, 2, 
223658, 31777, False, 152, 88, 49, 92, 9.755999565124512, 563.0999755859375, 5534.0, 1481.927734375, 0.41999998688697815, 0.0, 0.0, 2, 
223808, 31927, False, 216, 112, 49, 71, 9.711999893188477, 635.7000122070312, 6256.0, 1482.653564453125, 0.41999998688697815, 0.0, 0.0, 2, 
223958, 32077, False, 296, 144, 49, 44, 9.732000350952148, 599.7000122070312, 5814.0, 1483.34375, 0.41999998688697815, 0.0, 0.0, 2, 
224108, 32227, False, 304, 136, 49, 42, 9.736000061035156, 597.7000122070312, 5842.0, 1484.0435791015625, 0.41999998688697815, 0.0, 0.0, 2, 
224258, 32377, False, 280, 96, 49, 50, 9.727999687194824, 608.2999877929688, 5932.0, 1484.7374267578125, 0.41999998688697815, 0.0, 0.0, 2, 
224408, 32527, False, 232, 72, 49, 66, 9.711999893188477, 617.9000244140625, 5888.0, 1485.4552001953125, 0.41999998688697815, 0.0, 0.0, 2, 
224558, 32677, False, 224, 16, 49, 68, 9.715999603271484, 616.5, 6040.0, 1486.184326171875, 0.41999998688697815, 0.0, 0.0, 2, 
224708, 32827, False, 264, 32, 49, 55, 9.711999893188477, 619.7000122070312, 6210.0, 1486.9193115234375, 0.41999998688697815, 0.0, 0.0, 2, 
224858, 32977, False, 296, 40, 49, 44, 9.708000183105469, 629.2000122070312, 6204.0, 1487.6826171875, 0.41999998688697815, 0.0, 0.0, 2, 
225008, 33127, False, 296, 40, 49, 44, 9.704000473022461, 625.7999877929688, 6104.0, 1488.4112548828125, 0.41999998688697815, 0.0, 0.0, 2, 
225158, 33277, False, 296, 32, 49, 44, 9.708000183105469, 630.0, 6150.0, 1489.14990234375, 0.41999998688697815, 0.0, 0.0, 2, 
225308, 33427, False, 296, 32, 49, 44, 9.699999809265137, 627.9000244140625, 6104.0, 1489.884521484375, 0.41999998688697815, 0.0, 0.0, 2, 
225458, 33577, False, 296, 80, 49, 44, 9.704000473022461, 639.9000244140625, 6078.0, 1490.6199951171875, 0.41999998688697815, 0.0, 0.0, 2, 
225608, 33727, False, 264, 24, 49, 55, 9.699999809265137, 634.5999755859375, 6168.0, 1491.3587646484375, 0.41999998688697815, 0.0, 0.0, 2, 
225758, 33877, False, 216, 32, 49, 71, 9.696000099182129, 634.5, 5986.0, 1492.0855712890625, 0.41999998688697815, 0.0, 0.0, 2, 
225908, 34027, False, 184, 40, 49, 82, 9.696000099182129, 637.4000244140625, 6134.0, 1492.8228759765625, 0.41999998688697815, 0.0, 0.0, 2, 
226058, 34177, False, 160, 48, 49, 90, 9.696000099182129, 636.5, 6108.0, 1493.5582275390625, 0.41999998688697815, 0.0, 0.0, 2, 
226208, 34327, False, 160, 64, 49, 90, 9.696000099182129, 633.0, 6066.0, 1494.2745361328125, 0.41999998688697815, 0.0, 0.0, 2, 
226358, 34477, False, 160, 80, 49, 90, 9.696000099182129, 629.7999877929688, 6062.0, 1495.0059814453125, 0.41999998688697815, 0.0, 0.0, 2, 
226508, 34627, False, 160, 88, 49, 90, 9.684000015258789, 639.7999877929688, 6180.0, 1495.7435302734375, 0.41999998688697815, 0.0, 0.0, 2, 
226658, 34777, False, 152, 96, 49, 92, 9.692000389099121, 633.9000244140625, 6078.0, 1496.4727783203125, 0.41999998688697815, 0.0, 0.0, 2, 
226808, 34927, False, 144, 96, 49, 95, 9.687999725341797, 633.0, 6114.0, 1497.20263671875, 0.41999998688697815, 0.0, 0.0, 2, 
226958, 35077, False, 136, 88, 49, 98, 9.687999725341797, 625.5999755859375, 6086.0, 1497.9305419921875, 0.41999998688697815, 0.0, 0.0, 2, 
227108, 35227, False, 136, 88, 49, 98, 9.704000473022461, 597.7999877929688, 5764.0, 1498.6376953125, 0.41999998688697815, 0.0, 0.0, 2, 
227258, 35377, False, 136, 88, 49, 98, 9.687999725341797, 628.0999755859375, 6052.0, 1499.3660888671875, 0.41999998688697815, 0.0, 0.0, 2, 
227408, 35527, False, 136, 96, 49, 98, 9.680000305175781, 624.2000122070312, 5970.0, 1500.087646484375, 0.41999998688697815, 0.0, 0.0, 2, 
227558, 35677, False, 128, 88, 49, 100, 9.675999641418457, 628.7000122070312, 6130.0, 1500.8240966796875, 0.41999998688697815, 0.0, 0.0, 2, 
227708, 35827, False, 128, 96, 56, 100, 9.343999862670898, 1118.800048828125, 10824.0, 1502.0479736328125, 0.41999998688697815, 0.0, 0.0, 2, 
227858, 35977, False, 128, 88, 50, 100, 9.631999969482422, 695.7999877929688, 6826.0, 1503.0799560546875, 0.41999998688697815, 0.0, 0.0, 2, 
228008, 36127, False, 128, 88, 49, 100, 9.711999893188477, 585.0999755859375, 5668.0, 1503.7578125, 0.41999998688697815, 0.0, 0.0, 2, 
228158, 36277, False, 120, 88, 55, 103, 9.5, 953.4000244140625, 8562.0, 1504.61279296875, 0.41999998688697815, 0.0, 0.0, 2, 
228308, 36427, False, 120, 88, 56, 103, 9.411999702453613, 1045.5999755859375, 9824.0, 1505.821533203125, 0.41999998688697815, 0.0, 0.0, 2, 
228458, 36577, False, 120, 88, 56, 103, 9.508000373840332, 1028.699951171875, 9368.0, 1506.982666015625, 0.41999998688697815, 0.0, 0.0, 2, 
228608, 36727, False, 128, 88, 49, 100, 9.692000389099121, 578.9000244140625, 5518.0, 1507.6282958984375, 0.41999998688697815, 0.0, 0.0, 2, 
228758, 36877, False, 128, 88, 49, 100, 9.687999725341797, 591.2000122070312, 5554.0, 1508.300048828125, 0.41999998688697815, 0.0, 0.0, 2, 
228908, 37027, False, 120, 88, 55, 103, 9.503999710083008, 902.5, 8510.0, 1509.31787109375, 0.41999998688697815, 0.0, 0.0, 2, 
229058, 37177, False, 104, 80, 55, 108, 9.515999794006348, 884.2999877929688, 8396.0, 1510.3221435546875, 0.41999998688697815, 0.0, 0.0, 2, 
229208, 37327, False, 136, 96, 49, 98, 9.692000389099121, 575.2000122070312, 5390.0, 1511.1539306640625, 0.41999998688697815, 0.0, 0.0, 2, 
229358, 37477, False, 152, 104, 49, 92, 9.668000221252441, 581.0, 5724.0, 1511.84228515625, 0.41999998688697815, 0.0, 0.0, 2, 
229508, 37627, False, 152, 104, 49, 92, 9.656000137329102, 617.7000122070312, 6134.0, 1512.57373046875, 0.41999998688697815, 0.0, 0.0, 2, 
229658, 37777, False, 144, 104, 49, 95, 9.656000137329102, 645.9000244140625, 6140.0, 1513.3017578125, 0.41999998688697815, 0.0, 0.0, 2, 
229808, 37927, False, 144, 96, 49, 95, 9.64799976348877, 630.7999877929688, 5948.0, 1514.02392578125, 0.41999998688697815, 0.0, 0.0, 2, 
229958, 38077, False, 136, 96, 49, 98, 9.64799976348877, 649.0, 6150.0, 1514.762451171875, 0.41999998688697815, 0.0, 0.0, 2, 
230108, 38227, False, 136, 88, 49, 98, 9.644000053405762, 652.7000122070312, 6200.0, 1515.5089111328125, 0.41999998688697815, 0.0, 0.0, 2, 
230258, 38377, False, 128, 88, 49, 100, 9.631999969482422, 652.5999755859375, 6020.0, 1516.2374267578125, 0.41999998688697815, 0.0, 0.0, 2, 
230408, 38527, False, 128, 80, 49, 100, 9.631999969482422, 629.2999877929688, 6268.0, 1516.988037109375, 0.41999998688697815, 0.0, 0.0, 2, 
230558, 38677, False, 128, 80, 49, 100, 9.631999969482422, 638.5, 6174.0, 1517.7293701171875, 0.41999998688697815, 0.0, 0.0, 2, 
230708, 38827, False, 120, 72, 49, 103, 9.63599967956543, 636.7000122070312, 6102.0, 1518.4637451171875, 0.41999998688697815, 0.0, 0.0, 2, 
230858, 38977, False, 112, 64, 49, 106, 9.640000343322754, 621.4000244140625, 5948.0, 1519.1815185546875, 0.41999998688697815, 0.0, 0.0, 2, 
231008, 39127, False, 112, 64, 49, 106, 9.65999984741211, 613.0, 5758.0, 1519.8818359375, 0.41999998688697815, 0.0, 0.0, 2, 
231158, 39277, False, 128, 80, 49, 100, 9.65999984741211, 590.9000244140625, 5698.0, 1520.5693359375, 0.41999998688697815, 0.0, 0.0, 2, 
231308, 39427, False, 304, 200, 49, 42, 9.479999542236328, 893.2000122070312, 8526.0, 1521.4210205078125, 0.41999998688697815, 0.0, 0.0, 2, 
231458, 39577, False, 296, 264, 55, 44, 9.468000411987305, 917.7000122070312, 8696.0, 1522.3714599609375, 0.41999998688697815, 0.0, 0.0, 2, 
231602, 39723, True, 296, 264, 56, 44, 9.383999824523926, 952.2000122070312, 8812.0, 1523.49267578125, 0.41999998688697815, 0.0, 0.0, 2, 
231746, 39867, True, 296, 264, 56, 44, 9.46399974822998, 1015.2999877929688, 8824.0, 1524.6168212890625, 0.41999998688697815, 0.0, 0.0, 2, 
231896, 40015, False, 304, 256, 50, 42, 9.592000007629395, 691.2999877929688, 5912.0, 1525.522705078125, 0.41999998688697815, 0.0, 0.0, 2, 
232046, 40165, False, 304, 216, 49, 42, 9.663999557495117, 571.9000244140625, 5548.0, 1526.1829833984375, 0.41999998688697815, 0.0, 0.0, 2, 
232196, 40315, False, 304, 152, 49, 42, 9.644000053405762, 582.7999877929688, 5512.0, 1526.846923828125, 0.41999998688697815, 0.0, 0.0, 2, 
232346, 40465, False, 264, 88, 49, 55, 9.640000343322754, 617.2999877929688, 5904.0, 1527.54638671875, 0.41999998688697815, 0.0, 0.0, 2, 
232496, 40615, False, 216, 24, 49, 71, 9.619999885559082, 607.2999877929688, 5980.0, 1528.26416015625, 0.41999998688697815, 0.0, 0.0, 2, 
232646, 40765, False, 208, 16, 49, 74, 9.62399959564209, 618.2000122070312, 5984.0, 1528.9827880859375, 0.41999998688697815, 0.0, 0.0, 2, 
232796, 40915, False, 248, 24, 49, 60, 9.619999885559082, 630.4000244140625, 5938.0, 1529.691650390625, 0.41999998688697815, 0.0, 0.0, 2, 
232946, 41065, False, 272, 56, 49, 52, 9.616000175476074, 628.9000244140625, 6052.0, 1530.41015625, 0.41999998688697815, 0.0, 0.0, 2, 
233096, 41215, False, 232, 72, 49, 66, 9.612000465393066, 625.7999877929688, 5980.0, 1531.130859375, 0.41999998688697815, 0.0, 0.0, 2, 
233246, 41365, False, 160, 40, 49, 90, 9.616000175476074, 623.0, 6046.0, 1531.85302734375, 0.41999998688697815, 0.0, 0.0, 2, 
233396, 41515, False, 128, 32, 49, 100, 9.612000465393066, 623.2000122070312, 5954.0, 1532.572265625, 0.41999998688697815, 0.0, 0.0, 2, 
233546, 41665, False, 128, 48, 49, 100, 9.607999801635742, 627.5999755859375, 5970.0, 1533.2901611328125, 0.41999998688697815, 0.0, 0.0, 2, 
233696, 41815, False, 144, 72, 49, 95, 9.612000465393066, 633.7000122070312, 6030.0, 1534.0155029296875, 0.41999998688697815, 0.0, 0.0, 2, 
233846, 41965, False, 160, 96, 49, 90, 9.612000465393066, 619.7999877929688, 5958.0, 1534.7320556640625, 0.41999998688697815, 0.0, 0.0, 2, 
233996, 42115, False, 168, 112, 49, 87, 9.607999801635742, 623.7000122070312, 5986.0, 1535.4482421875, 0.41999998688697815, 0.0, 0.0, 2, 
234146, 42265, False, 160, 112, 49, 90, 9.604000091552734, 627.2999877929688, 6030.0, 1536.1685791015625, 0.41999998688697815, 0.0, 0.0, 2, 
234296, 42415, False, 136, 96, 49, 98, 9.604000091552734, 619.2999877929688, 5914.0, 1536.8663330078125, 0.41999998688697815, 0.0, 0.0, 2, 
234446, 42565, False, 120, 88, 56, 103, 9.312000274658203, 1123.800048828125, 11198.0, 1538.1002197265625, 0.41999998688697815, 0.0, 0.0, 2, 
234596, 42715, False, 120, 80, 50, 103, 9.53600025177002, 722.2000122070312, 6658.0, 1539.1072998046875, 0.41999998688697815, 0.0, 0.0, 2, 
234746, 42865, False, 120, 88, 55, 103, 9.435999870300293, 891.7999877929688, 8228.0, 1539.9208984375, 0.41999998688697815, 0.0, 0.0, 2, 
234896, 43015, False, 128, 88, 49, 100, 9.62399959564209, 588.2999877929688, 5512.0, 1540.659912109375, 0.41999998688697815, 0.0, 0.0, 2, 
235046, 43165, False, 128, 88, 49, 100, 9.616000175476074, 571.4000244140625, 5676.0, 1541.334716796875, 0.41999998688697815, 0.0, 0.0, 2, 
235196, 43315, False, 120, 88, 56, 103, 9.336000442504883, 1074.800048828125, 9926.0, 1542.42578125, 0.41999998688697815, 0.0, 0.0, 2, 
235346, 43465, False, 120, 88, 56, 103, 9.343999862670898, 905.0999755859375, 9612.0, 1543.5311279296875, 0.41999998688697815, 0.0, 0.0, 2, 
235496, 43615, False, 128, 88, 49, 100, 9.612000465393066, 570.4000244140625, 5276.0, 1544.2412109375, 0.41999998688697815, 0.0, 0.0, 2, 
235646, 43765, False, 128, 88, 49, 100, 9.604000091552734, 593.0999755859375, 5396.0, 1544.896240234375, 0.41999998688697815, 0.0, 0.0, 2, 
235796, 43915, False, 120, 88, 55, 103, 9.420000076293945, 915.0, 8634.0, 1545.744140625, 0.41999998688697815, 0.0, 0.0, 2, 
235946, 44065, False, 120, 88, 56, 103, 9.315999984741211, 1068.800048828125, 9948.0, 1546.9390869140625, 0.41999998688697815, 0.0, 0.0, 2, 
236096, 44215, False, 120, 88, 56, 103, 9.355999946594238, 1024.800048828125, 8422.0, 1547.94677734375, 0.41999998688697815, 0.0, 0.0, 2, 
236246, 44365, False, 120, 88, 56, 103, 9.404000282287598, 917.0, 8742.0, 1549.0169677734375, 0.41999998688697815, 0.0, 0.0, 2, 
236396, 44515, False, 128, 88, 50, 100, 9.54800033569336, 672.5, 5878.0, 1549.8990478515625, 0.41999998688697815, 0.0, 0.0, 2, 
236546, 44665, False, 128, 96, 55, 100, 9.447999954223633, 824.4000244140625, 7720.0, 1550.67529296875, 0.41999998688697815, 0.0, 0.0, 2, 
236696, 44815, False, 128, 96, 56, 100, 9.347999572753906, 971.9000244140625, 8504.0, 1551.6842041015625, 0.41999998688697815, 0.0, 0.0, 2, 
236846, 44965, False, 128, 96, 56, 100, 9.395999908447266, 966.7000122070312, 8370.0, 1552.73095703125, 0.41999998688697815, 0.0, 0.0, 2, 
236996, 45115, False, 168, 96, 49, 87, 9.604000091552734, 547.7000122070312, 5338.0, 1553.42236328125, 0.41999998688697815, 0.0, 0.0, 2, 
237146, 45265, False, 272, 144, 49, 52, 9.604000091552734, 548.0, 5296.0, 1554.073974609375, 0.41999998688697815, 0.0, 0.0, 2, 
237296, 45415, False, 304, 240, 49, 42, 9.588000297546387, 582.2999877929688, 5508.0, 1554.7401123046875, 0.41999998688697815, 0.0, 0.0, 2, 
237446, 45565, False, 304, 216, 49, 42, 9.579999923706055, 566.4000244140625, 5652.0, 1555.408447265625, 0.41999998688697815, 0.0, 0.0, 2, 
237596, 45715, False, 304, 216, 49, 42, 9.571999549865723, 588.7999877929688, 5722.0, 1556.075439453125, 0.41999998688697815, 0.0, 0.0, 2, 
237746, 45865, False, 304, 168, 49, 42, 9.576000213623047, 604.2000122070312, 5748.0, 1556.7557373046875, 0.41999998688697815, 0.0, 0.0, 2, 
237896, 46015, False, 296, 104, 49, 44, 9.5600004196167, 612.0999755859375, 5800.0, 1557.445068359375, 0.41999998688697815, 0.0, 0.0, 2, 
238046, 46165, False, 232, 40, 49, 66, 9.543999671936035, 626.5, 5908.0, 1558.152099609375, 0.41999998688697815, 0.0, 0.0, 2, 
238196, 46315, False, 200, 16, 49, 76, 9.567999839782715, 589.2999877929688, 5600.0, 1558.8406982421875, 0.41999998688697815, 0.0, 0.0, 2, 
238346, 46465, False, 232, 16, 49, 66, 9.552000045776367, 619.2000122070312, 5882.0, 1559.5478515625, 0.41999998688697815, 0.0, 0.0, 2, 
238496, 46615, False, 296, 40, 50, 44, 9.435999870300293, 782.2999877929688, 7618.0, 1560.444580078125, 0.41999998688697815, 0.0, 0.0, 2, 
238646, 46765, False, 312, 56, 50, 38, 9.460000038146973, 756.4000244140625, 6938.0, 1561.2939453125, 0.41999998688697815, 0.0, 0.0, 2, 
238796, 46915, False, 296, 56, 50, 44, 9.460000038146973, 738.2999877929688, 7032.0, 1562.1405029296875, 0.41999998688697815, 0.0, 0.0, 2, 
238946, 47065, False, 232, 40, 50, 66, 9.460000038146973, 743.0999755859375, 7088.0, 1562.9716796875, 0.41999998688697815, 0.0, 0.0, 2, 
239096, 47215, False, 176, 32, 50, 84, 9.472000122070312, 731.4000244140625, 6894.0, 1563.8004150390625, 0.41999998688697815, 0.0, 0.0, 2, 
239246, 47365, False, 136, 32, 50, 98, 9.460000038146973, 756.7000122070312, 7174.0, 1564.6563720703125, 0.41999998688697815, 0.0, 0.0, 2, 
239396, 47515, False, 144, 56, 50, 95, 9.472000122070312, 727.5999755859375, 6704.0, 1565.4752197265625, 0.41999998688697815, 0.0, 0.0, 2, 
239546, 47665, False, 160, 88, 50, 90, 9.444000244140625, 741.4000244140625, 7356.0, 1566.326904296875, 0.41999998688697815, 0.0, 0.0, 2, 
239696, 47815, False, 176, 112, 50, 84, 9.456000328063965, 741.7000122070312, 7052.0, 1567.164794921875, 0.41999998688697815, 0.0, 0.0, 2, 
239846, 47965, False, 168, 112, 50, 87, 9.46399974822998, 729.0999755859375, 6744.0, 1567.970947265625, 0.41999998688697815, 0.0, 0.0, 2, 
239996, 48115, False, 144, 96, 50, 95, 9.46399974822998, 738.0999755859375, 6770.0, 1568.8021240234375, 0.41999998688697815, 0.0, 0.0, 2, 
240146, 48265, False, 120, 80, 50, 103, 9.472000122070312, 736.7999877929688, 6848.0, 1569.6160888671875, 0.41999998688697815, 0.0, 0.0, 2, 
240296, 48415, False, 112, 72, 50, 106, 9.46399974822998, 696.0, 6678.0, 1570.422607421875, 0.41999998688697815, 0.0, 0.0, 2, 
240446, 48565, False, 120, 80, 50, 103, 9.468000411987305, 732.5999755859375, 7058.0, 1571.246337890625, 0.41999998688697815, 0.0, 0.0, 2, 
240596, 48715, False, 128, 88, 50, 100, 9.46399974822998, 716.9000244140625, 6688.0, 1572.04541015625, 0.41999998688697815, 0.0, 0.0, 2, 
240746, 48865, False, 128, 88, 50, 100, 9.456000328063965, 729.2000122070312, 6822.0, 1572.84765625, 0.41999998688697815, 0.0, 0.0, 2, 
240896, 49015, False, 128, 88, 50, 100, 9.46399974822998, 678.7999877929688, 6872.0, 1573.6650390625, 0.41999998688697815, 0.0, 0.0, 2, 
241046, 49165, False, 128, 96, 56, 100, 9.251999855041504, 1106.4000244140625, 9732.0, 1574.6407470703125, 0.41999998688697815, 0.0, 0.0, 2, 
241196, 49315, False, 128, 96, 56, 100, 9.260000228881836, 1033.5999755859375, 9552.0, 1575.7943115234375, 0.41999998688697815, 0.0, 0.0, 2, 
241346, 49465, False, 128, 96, 56, 100, 9.291999816894531, 867.2999877929688, 9348.0, 1576.923828125, 0.41999998688697815, 0.0, 0.0, 2, 
241496, 49615, False, 128, 96, 56, 100, 9.303999900817871, 965.5, 9104.0, 1578.016357421875, 0.41999998688697815, 0.0, 0.0, 2, 
241646, 49765, False, 120, 96, 56, 103, 9.307999610900879, 968.9000244140625, 8750.0, 1579.075927734375, 0.41999998688697815, 0.0, 0.0, 2, 
241796, 49915, False, 112, 88, 56, 106, 9.32800006866455, 905.5999755859375, 8822.0, 1580.1329345703125, 0.41999998688697815, 0.0, 0.0, 2, 
241946, 50065, False, 136, 96, 50, 98, 9.472000122070312, 685.5, 6262.0, 1581.0518798828125, 0.41999998688697815, 0.0, 0.0, 2, 
242096, 50215, False, 152, 104, 50, 92, 9.46399974822998, 682.7999877929688, 6630.0, 1581.8343505859375, 0.41999998688697815, 0.0, 0.0, 2, 
242246, 50365, False, 152, 104, 50, 92, 9.447999954223633, 717.2999877929688, 6756.0, 1582.6373291015625, 0.41999998688697815, 0.0, 0.0, 2, 
242396, 50515, False, 144, 96, 50, 95, 9.416000366210938, 746.9000244140625, 6720.0, 1583.483642578125, 0.41999998688697815, 0.0, 0.0, 2, 
242546, 50665, False, 136, 88, 50, 98, 9.420000076293945, 749.7000122070312, 7026.0, 1584.32958984375, 0.41999998688697815, 0.0, 0.0, 2, 
242696, 50815, False, 128, 80, 50, 100, 9.420000076293945, 722.0, 7072.0, 1585.1746826171875, 0.41999998688697815, 0.0, 0.0, 2, 
242846, 50965, False, 120, 72, 50, 103, 9.432000160217285, 712.7000122070312, 7016.0, 1586.0108642578125, 0.41999998688697815, 0.0, 0.0, 2, 
242996, 51115, False, 112, 64, 50, 106, 9.444000244140625, 699.2999877929688, 6714.0, 1586.82568359375, 0.41999998688697815, 0.0, 0.0, 2, 
243146, 51265, False, 112, 72, 50, 106, 9.46399974822998, 681.0, 6170.0, 1587.749755859375, 0.41999998688697815, 0.0, 0.0, 2, 
243296, 51415, False, 216, 112, 50, 71, 9.416000366210938, 655.5999755859375, 6570.0, 1588.5277099609375, 0.41999998688697815, 0.0, 0.0, 2, 
243446, 51565, False, 304, 240, 50, 42, 9.444000244140625, 704.9000244140625, 6636.0, 1589.2955322265625, 0.41999998688697815, 0.0, 0.0, 2, 
243590, 51711, True, 304, 240, 50, 42, 9.435999870300293, 712.4000244140625, 6764.0, 1590.091064453125, 0.41999998688697815, 0.0, 0.0, 2, 
243734, 51855, True, 304, 240, 50, 42, 9.428000450134277, 691.2000122070312, 6394.0, 1590.8668212890625, 0.41999998688697815, 0.0, 0.0, 2, 
243878, 51999, True, 304, 240, 50, 42, 9.428000450134277, 681.5999755859375, 6720.0, 1591.666748046875, 0.41999998688697815, 0.0, 0.0, 2, 
244022, 52143, True, 304, 240, 50, 42, 9.416000366210938, 683.0, 6688.0, 1592.4639892578125, 0.41999998688697815, 0.0, 0.0, 2, 
244166, 52287, True, 304, 240, 50, 42, 9.416000366210938, 714.2000122070312, 6694.0, 1593.25390625, 0.41999998688697815, 0.0, 0.0, 2, 
244314, 52433, False, 296, 288, 56, 44, 9.208000183105469, 1038.199951171875, 9932.0, 1594.2532958984375, 0.41999998688697815, 0.0, 0.0, 2, 
244538, 52657, False, 288, 168, 50, 47, 9.411999702453613, 721.2000122070312, 6702.0, 1595.4622802734375, 0.41999998688697815, 0.0, 0.0, 2, 
244688, 52807, False, 184, 40, 50, 82, 9.407999992370605, 708.7000122070312, 6684.0, 1596.2669677734375, 0.41999998688697815, 0.0, 0.0, 2, 
244838, 52957, False, 168, 16, 50, 87, 9.387999534606934, 738.5999755859375, 6848.0, 1597.0968017578125, 0.41999998688697815, 0.0, 0.0, 2, 
244988, 53107, False, 208, 24, 50, 74, 9.343999862670898, 790.2999877929688, 7500.0, 1597.9547119140625, 0.41999998688697815, 0.0, 0.0, 2, 
245138, 53257, False, 240, 88, 50, 63, 9.395999908447266, 728.7000122070312, 6862.0, 1598.766357421875, 0.41999998688697815, 0.0, 0.0, 2, 
245288, 53407, False, 216, 104, 50, 71, 9.387999534606934, 706.0, 6570.0, 1599.56787109375, 0.41999998688697815, 0.0, 0.0, 2, 
245438, 53557, False, 128, 48, 50, 100, 9.383999824523926, 704.2999877929688, 6884.0, 1600.38720703125, 0.41999998688697815, 0.0, 0.0, 2, 
245514, 53632, False, 104, 32, 50, 108, 9.404000282287598, 733.2999877929688, 6766.0, 1600.793212890625, 0.41999998688697815, 0.0, 0.0, 2, 
245664, 53783, False, 96, 32, 50, 111, 9.399999618530273, 736.5999755859375, 6694.0, 1601.58935546875, 0.41999998688697815, 0.0, 0.0, 2, 
245814, 53933, False, 112, 48, 50, 106, 9.387999534606934, 718.0999755859375, 6606.0, 1602.3817138671875, 0.41999998688697815, 0.0, 0.0, 2, 
245964, 54083, False, 152, 96, 50, 92, 9.395999908447266, 695.2000122070312, 6688.0, 1603.178955078125, 0.41999998688697815, 0.0, 0.0, 2, 
246188, 54307, False, 168, 128, 50, 87, 9.392000198364258, 718.5, 6682.0, 1604.37060546875, 0.41999998688697815, 0.0, 0.0, 2, 
246338, 54457, False, 136, 104, 56, 98, 9.204000473022461, 1036.800048828125, 9758.0, 1605.3646240234375, 0.41999998688697815, 0.0, 0.0, 2, 
246488, 54607, False, 112, 80, 56, 106, 9.184000015258789, 988.4000244140625, 9728.0, 1606.3385009765625, 0.41999998688697815, 0.0, 0.0, 2, 
246564, 54682, False, 112, 72, 50, 106, 9.395999908447266, 697.4000244140625, 6410.0, 1606.72314453125, 0.41999998688697815, 0.0, 0.0, 2, 
246714, 54833, False, 104, 64, 50, 108, 9.371999740600586, 691.0, 6564.0, 1607.5113525390625, 0.41999998688697815, 0.0, 0.0, 2, 
246938, 55057, False, 104, 64, 50, 108, 9.36400032043457, 697.2999877929688, 6638.0, 1608.6854248046875, 0.41999998688697815, 0.0, 0.0, 2, 
247088, 55207, False, 112, 72, 50, 106, 9.392000198364258, 694.7999877929688, 6410.0, 1609.470703125, 0.41999998688697815, 0.0, 0.0, 2, 
247164, 55282, False, 120, 80, 50, 103, 9.368000030517578, 719.5, 6852.0, 1609.8818359375, 0.41999998688697815, 0.0, 0.0, 2, 
247314, 55433, False, 128, 88, 50, 100, 9.368000030517578, 719.2000122070312, 6730.0, 1610.6785888671875, 0.41999998688697815, 0.0, 0.0, 2, 
247464, 55583, False, 136, 96, 50, 98, 9.37600040435791, 711.4000244140625, 6420.0, 1611.45947265625, 0.41999998688697815, 0.0, 0.0, 2, 
247614, 55733, False, 136, 104, 56, 98, 9.187999725341797, 926.2000122070312, 9388.0, 1612.6075439453125, 0.41999998688697815, 0.0, 0.0, 2, 
247838, 55957, False, 136, 104, 56, 98, 9.267999649047852, 962.5999755859375, 8956.0, 1614.2520751953125, 0.41999998688697815, 0.0, 0.0, 2, 
247914, 56032, False, 136, 104, 56, 98, 9.232000350952148, 892.2999877929688, 8114.0, 1614.7388916015625, 0.41999998688697815, 0.0, 0.0, 2, 
248064, 56183, False, 136, 104, 56, 98, 9.223999977111816, 912.2999877929688, 8822.0, 1615.767333984375, 0.41999998688697815, 0.0, 0.0, 2, 
248288, 56407, False, 128, 96, 56, 100, 9.227999687194824, 930.9000244140625, 8202.0, 1617.26318359375, 0.41999998688697815, 0.0, 0.0, 2, 
248438, 56557, False, 120, 88, 56, 103, 9.227999687194824, 899.9000244140625, 8550.0, 1618.13427734375, 0.41999998688697815, 0.0, 0.0, 2, 
248514, 56632, False, 120, 88, 56, 103, 9.251999855041504, 964.7999877929688, 8296.0, 1618.632080078125, 0.41999998688697815, 0.0, 0.0, 2, 
248738, 56857, False, 184, 88, 50, 82, 9.371999740600586, 682.2000122070312, 6268.0, 1619.740966796875, 0.41999998688697815, 0.0, 0.0, 2, 
248814, 56932, False, 216, 112, 50, 71, 9.355999946594238, 680.0999755859375, 6354.0, 1620.1221923828125, 0.41999998688697815, 0.0, 0.0, 2, 
248964, 57083, False, 296, 248, 50, 44, 9.37600040435791, 662.0999755859375, 6528.0, 1620.8983154296875, 0.41999998688697815, 0.0, 0.0, 2, 
249114, 57233, False, 304, 264, 50, 42, 9.371999740600586, 679.2999877929688, 6550.0, 1621.6842041015625, 0.41999998688697815, 0.0, 0.0, 2, 
249328, 57449, True, 304, 264, 50, 42, 9.35200023651123, 723.5, 6504.0, 1622.8363037109375, 0.41999998688697815, 0.0, 0.0, 2, 
249472, 57593, True, 304, 264, 50, 42, 9.347999572753906, 701.4000244140625, 6580.0, 1623.630859375, 0.41999998688697815, 0.0, 0.0, 2, 
249616, 57737, True, 304, 264, 50, 42, 9.347999572753906, 706.9000244140625, 6642.0, 1624.432861328125, 0.41999998688697815, 0.0, 0.0, 2, 
249766, 57885, False, 304, 240, 50, 42, 9.347999572753906, 683.7000122070312, 6422.0, 1625.39599609375, 0.41999998688697815, 0.0, 0.0, 2, 
249916, 58035, False, 304, 184, 50, 42, 9.34000015258789, 700.0999755859375, 6612.0, 1626.1783447265625, 0.41999998688697815, 0.0, 0.0, 2, 
250066, 58185, False, 272, 104, 50, 52, 9.32800006866455, 732.7000122070312, 6452.0, 1626.958251953125, 0.41999998688697815, 0.0, 0.0, 2, 
250216, 58335, False, 232, 56, 50, 66, 9.331999778747559, 707.0999755859375, 6616.0, 1627.7657470703125, 0.41999998688697815, 0.0, 0.0, 2, 
250366, 58485, False, 208, 16, 50, 74, 9.32800006866455, 709.7000122070312, 6734.0, 1628.58056640625, 0.41999998688697815, 0.0, 0.0, 2, 
250516, 58635, False, 200, 24, 50, 76, 9.315999984741211, 739.7000122070312, 6622.0, 1629.3856201171875, 0.41999998688697815, 0.0, 0.0, 2, 
250666, 58785, False, 192, 48, 50, 79, 9.312000274658203, 731.5, 6652.0, 1630.18798828125, 0.41999998688697815, 0.0, 0.0, 2, 
250816, 58935, False, 152, 48, 50, 92, 9.315999984741211, 712.7999877929688, 6822.0, 1630.9940185546875, 0.41999998688697815, 0.0, 0.0, 2, 
250966, 59085, False, 136, 56, 50, 98, 9.315999984741211, 709.0999755859375, 6674.0, 1631.7958984375, 0.41999998688697815, 0.0, 0.0, 2, 
251116, 59235, False, 136, 72, 50, 98, 9.319999694824219, 733.5, 6550.0, 1632.5867919921875, 0.41999998688697815, 0.0, 0.0, 2, 
251266, 59385, False, 144, 88, 50, 95, 9.324000358581543, 700.7999877929688, 6394.0, 1633.380615234375, 0.41999998688697815, 0.0, 0.0, 2, 
251416, 59535, False, 152, 104, 50, 92, 9.307999610900879, 740.0999755859375, 6816.0, 1634.198486328125, 0.41999998688697815, 0.0, 0.0, 2, 
251566, 59685, False, 152, 112, 50, 92, 9.312000274658203, 708.2000122070312, 6580.0, 1634.98095703125, 0.41999998688697815, 0.0, 0.0, 2, 
251716, 59835, False, 152, 112, 50, 92, 9.32800006866455, 714.4000244140625, 6754.0, 1635.7789306640625, 0.41999998688697815, 0.0, 0.0, 2, 
251866, 59985, False, 144, 112, 56, 95, 9.104000091552734, 1066.800048828125, 9296.0, 1636.736572265625, 0.41999998688697815, 0.0, 0.0, 2, 
252016, 60135, False, 136, 112, 56, 98, 9.140000343322754, 963.2000122070312, 9476.0, 1637.8780517578125, 0.41999998688697815, 0.0, 0.0, 2, 
252166, 60285, False, 128, 96, 56, 100, 9.152000427246094, 842.7999877929688, 8474.0, 1638.9488525390625, 0.41999998688697815, 0.0, 0.0, 2, 
252316, 60435, False, 120, 88, 56, 103, 9.168000221252441, 959.7999877929688, 9008.0, 1640.037841796875, 0.41999998688697815, 0.0, 0.0, 2, 
252466, 60585, False, 120, 88, 56, 103, 9.15999984741211, 958.7999877929688, 8700.0, 1641.1038818359375, 0.41999998688697815, 0.0, 0.0, 2, 
252616, 60735, False, 112, 80, 56, 106, 9.163999557495117, 956.7999877929688, 8930.0, 1642.004150390625, 0.41999998688697815, 0.0, 0.0, 2, 
252766, 60885, False, 112, 72, 50, 106, 9.336000442504883, 657.7000122070312, 5482.0, 1642.8470458984375, 0.41999998688697815, 0.0, 0.0, 2, 
252916, 61035, False, 112, 72, 50, 106, 9.319999694824219, 669.7999877929688, 6082.0, 1643.58154296875, 0.41999998688697815, 0.0, 0.0, 2, 
253066, 61185, False, 96, 64, 56, 111, 9.128000259399414, 1028.5999755859375, 8796.0, 1644.477294921875, 0.41999998688697815, 0.0, 0.0, 2, 
253216, 61335, False, 96, 64, 56, 111, 9.140000343322754, 968.7000122070312, 9136.0, 1645.568115234375, 0.41999998688697815, 0.0, 0.0, 2, 
253366, 61485, False, 152, 104, 50, 92, 9.303999900817871, 688.0999755859375, 6330.0, 1646.3175048828125, 0.41999998688697815, 0.0, 0.0, 2, 
253516, 61635, False, 168, 128, 50, 87, 9.303999900817871, 703.0999755859375, 6520.0, 1647.095458984375, 0.41999998688697815, 0.0, 0.0, 2, 
253666, 61785, False, 160, 120, 50, 90, 9.291999816894531, 733.0, 6760.0, 1647.895263671875, 0.41999998688697815, 0.0, 0.0, 2, 
253816, 61935, False, 144, 104, 50, 95, 9.251999855041504, 744.2999877929688, 7036.0, 1648.7216796875, 0.41999998688697815, 0.0, 0.0, 2, 
253966, 62085, False, 128, 88, 50, 100, 9.248000144958496, 756.9000244140625, 6986.0, 1649.55224609375, 0.41999998688697815, 0.0, 0.0, 2, 
254116, 62235, False, 120, 72, 50, 103, 9.255999565124512, 750.0, 7006.0, 1650.392822265625, 0.41999998688697815, 0.0, 0.0, 2, 
254266, 62385, False, 120, 72, 50, 103, 9.276000022888184, 740.2000122070312, 6828.0, 1651.224365234375, 0.41999998688697815, 0.0, 0.0, 2, 
254416, 62535, False, 120, 72, 50, 103, 9.263999938964844, 721.0999755859375, 6980.0, 1652.0401611328125, 0.41999998688697815, 0.0, 0.0, 2, 
254566, 62685, False, 112, 64, 50, 106, 9.295999526977539, 689.0, 6200.0, 1652.8143310546875, 0.41999998688697815, 0.0, 0.0, 2, 
254716, 62835, False, 120, 72, 50, 103, 9.295999526977539, 728.7999877929688, 6420.0, 1653.591064453125, 0.41999998688697815, 0.0, 0.0, 2, 
254866, 62985, False, 208, 96, 50, 74, 9.288000106811523, 679.0999755859375, 6124.0, 1654.32861328125, 0.41999998688697815, 0.0, 0.0, 2, 
255016, 63135, False, 296, 280, 56, 44, 9.112000465393066, 974.0, 8704.0, 1655.370849609375, 0.41999998688697815, 0.0, 0.0, 2, 
255160, 63281, True, 296, 280, 56, 44, 9.100000381469727, 951.0999755859375, 9074.0, 1656.433837890625, 0.41999998688697815, 0.0, 0.0, 2, 
255304, 63425, True, 296, 280, 56, 44, 9.12399959564209, 964.0999755859375, 8552.0, 1657.49072265625, 0.41999998688697815, 0.0, 0.0, 2, 
255448, 63569, True, 296, 280, 56, 44, 9.128000259399414, 939.2999877929688, 8592.0, 1658.5128173828125, 0.41999998688697815, 0.0, 0.0, 2, 
255592, 63713, True, 296, 280, 56, 44, 9.119999885559082, 964.2000122070312, 8106.0, 1659.5318603515625, 0.41999998688697815, 0.0, 0.0, 2, 
255736, 63857, True, 296, 280, 56, 44, 9.13599967956543, 909.2999877929688, 8314.0, 1660.5093994140625, 0.41999998688697815, 0.0, 0.0, 2, 
255880, 64001, True, 296, 280, 56, 44, 9.104000091552734, 862.5, 8690.0, 1661.548095703125, 0.41999998688697815, 0.0, 0.0, 2, 
256024, 64145, True, 296, 280, 56, 44, 9.168000221252441, 965.7000122070312, 8824.0, 1662.5498046875, 0.41999998688697815, 0.0, 0.0, 2, 
256172, 64291, False, 304, 256, 50, 42, 9.279999732971191, 655.5, 6104.0, 1663.44970703125, 0.41999998688697815, 0.0, 0.0, 2, 
256322, 64441, False, 296, 192, 50, 44, 9.267999649047852, 693.0, 6190.0, 1664.1768798828125, 0.41999998688697815, 0.0, 0.0, 2, 
256472, 64591, False, 232, 96, 50, 66, 9.255999565124512, 693.0, 6426.0, 1664.939453125, 0.41999998688697815, 0.0, 0.0, 2, 
256622, 64741, False, 136, 16, 50, 98, 9.251999855041504, 726.2000122070312, 6442.0, 1665.701904296875, 0.41999998688697815, 0.0, 0.0, 2, 
256772, 64891, False, 72, 16, 50, 119, 9.244000434875488, 711.7000122070312, 6570.0, 1666.4888916015625, 0.41999998688697815, 0.0, 0.0, 2, 
256922, 65041, False, 88, 16, 50, 114, 9.251999855041504, 704.2000122070312, 6600.0, 1667.276123046875, 0.41999998688697815, 0.0, 0.0, 2, 
257072, 65191, False, 152, 88, 50, 92, 9.236000061035156, 713.0999755859375, 6590.0, 1668.0592041015625, 0.41999998688697815, 0.0, 0.0, 2, 
257222, 65341, False, 208, 160, 50, 74, 9.227999687194824, 726.7000122070312, 6548.0, 1668.8428955078125, 0.41999998688697815, 0.0, 0.0, 2, 
257372, 65491, False, 192, 152, 50, 79, 9.236000061035156, 708.5, 6476.0, 1669.6138916015625, 0.41999998688697815, 0.0, 0.0, 2, 
257522, 65641, False, 144, 104, 50, 95, 9.244000434875488, 711.0, 6520.0, 1670.3931884765625, 0.41999998688697815, 0.0, 0.0, 2, 
257746, 65865, False, 64, 32, 56, 122, 9.039999961853027, 1010.7999877929688, 9352.0, 1671.8985595703125, 0.41999998688697815, 0.0, 0.0, 2, 
257896, 66015, False, 80, 48, 56, 116, 9.064000129699707, 953.7999877929688, 8500.0, 1672.768310546875, 0.41999998688697815, 0.0, 0.0, 2, 
258046, 66165, False, 152, 112, 50, 92, 9.239999771118164, 689.7999877929688, 6252.0, 1673.5262451171875, 0.41999998688697815, 0.0, 0.0, 2, 
258122, 66240, False, 176, 136, 50, 84, 9.215999603271484, 723.5, 6432.0, 1673.912109375, 0.41999998688697815, 0.0, 0.0, 2, 
258272, 66391, False, 192, 168, 56, 79, 9.039999961853027, 991.5, 8714.0, 1674.9969482421875, 0.41999998688697815, 0.0, 0.0, 2, 
258422, 66541, False, 128, 96, 56, 100, 9.12399959564209, 982.7999877929688, 7566.0, 1675.9454345703125, 0.41999998688697815, 0.0, 0.0, 2, 
258572, 66691, False, 88, 56, 56, 114, 9.107999801635742, 927.0, 8670.0, 1676.9866943359375, 0.41999998688697815, 0.0, 0.0, 2, 
258722, 66841, False, 64, 24, 50, 122, 9.248000144958496, 649.5999755859375, 6010.0, 1677.8353271484375, 0.41999998688697815, 0.0, 0.0, 2, 
258946, 67065, False, 160, 128, 56, 90, 9.112000465393066, 901.5, 8496.0, 1679.40625, 0.41999998688697815, 0.0, 0.0, 2, 
259022, 67140, False, 208, 184, 56, 74, 9.095999717712402, 994.5999755859375, 8880.0, 1679.9390869140625, 0.41999998688697815, 0.0, 0.0, 2, 
259172, 67291, False, 224, 200, 56, 68, 9.083999633789062, 938.7999877929688, 8232.0, 1680.920166015625, 0.41999998688697815, 0.0, 0.0, 2, 
259322, 67441, False, 152, 120, 56, 92, 9.067999839782715, 876.7999877929688, 8388.0, 1681.9248046875, 0.41999998688697815, 0.0, 0.0, 2, 
259472, 67591, False, 32, 8, 56, 133, 9.083999633789062, 934.5, 7952.0, 1682.9052734375, 0.41999998688697815, 0.0, 0.0, 2, 
259616, 67737, True, 32, 8, 56, 133, 9.095999717712402, 874.5999755859375, 8188.0, 1683.8775634765625, 0.41999998688697815, 0.0, 0.0, 2, 
259764, 67883, False, 88, 32, 50, 114, 9.248000144958496, 613.9000244140625, 5728.0, 1684.7108154296875, 0.41999998688697815, 0.0, 0.0, 2, 
259914, 68033, False, 248, 216, 56, 60, 9.039999961853027, 986.7000122070312, 7592.0, 1685.68994140625, 0.41999998688697815, 0.0, 0.0, 2, 
260058, 68179, True, 248, 216, 56, 60, 9.083999633789062, 918.9000244140625, 8664.0, 1686.7259521484375, 0.41999998688697815, 0.0, 0.0, 2, 
260276, 68395, False, 304, 288, 56, 42, 9.0600004196167, 937.4000244140625, 8254.0, 1688.19189453125, 0.41999998688697815, 0.0, 0.0, 2, 
260426, 68545, False, 304, 216, 50, 42, 9.244000434875488, 614.7000122070312, 6206.0, 1688.9195556640625, 0.41999998688697815, 0.0, 0.0, 2, 
260576, 68695, False, 288, 160, 50, 47, 9.192000389099121, 680.2999877929688, 6094.0, 1689.6556396484375, 0.41999998688697815, 0.0, 0.0, 2, 
260726, 68845, False, 264, 120, 50, 55, 9.184000015258789, 685.0999755859375, 6482.0, 1690.4276123046875, 0.41999998688697815, 0.0, 0.0, 2, 
260876, 68995, False, 240, 88, 50, 63, 9.187999725341797, 695.7999877929688, 6150.0, 1691.1685791015625, 0.41999998688697815, 0.0, 0.0, 2, 
261026, 69145, False, 232, 40, 50, 66, 9.175999641418457, 694.5999755859375, 6652.0, 1691.94384765625, 0.41999998688697815, 0.0, 0.0, 2, 
261176, 69295, False, 248, 24, 50, 60, 9.180000305175781, 698.7000122070312, 6298.0, 1692.704833984375, 0.41999998688697815, 0.0, 0.0, 2, 
261326, 69445, False, 288, 48, 50, 47, 9.184000015258789, 701.5999755859375, 6442.0, 1693.491943359375, 0.41999998688697815, 0.0, 0.0, 2, 
261402, 69520, False, 312, 64, 50, 38, 9.17199993133545, 710.7000122070312, 6702.0, 1693.89404296875, 0.41999998688697815, 0.0, 0.0, 2, 
261552, 69671, False, 312, 72, 50, 38, 9.14799976348877, 721.0, 6566.0, 1694.677001953125, 0.41999998688697815, 0.0, 0.0, 2, 
261776, 69895, False, 280, 56, 50, 50, 9.14799976348877, 769.4000244140625, 6792.0, 1695.8734130859375, 0.41999998688697815, 0.0, 0.0, 2, 
261926, 70045, False, 200, 40, 50, 76, 9.156000137329102, 732.5999755859375, 6730.0, 1696.68310546875, 0.41999998688697815, 0.0, 0.0, 2, 
262002, 70120, False, 152, 16, 50, 92, 9.15999984741211, 768.7999877929688, 6548.0, 1697.075927734375, 0.41999998688697815, 0.0, 0.0, 2, 
262226, 70345, False, 112, 16, 50, 106, 9.15999984741211, 707.7999877929688, 6396.0, 1698.2886962890625, 0.41999998688697815, 0.0, 0.0, 2, 
262376, 70495, False, 144, 64, 50, 95, 9.152000427246094, 717.0, 6472.0, 1699.068115234375, 0.41999998688697815, 0.0, 0.0, 2, 
262526, 70645, False, 160, 88, 50, 90, 9.15999984741211, 714.2999877929688, 6554.0, 1699.854248046875, 0.41999998688697815, 0.0, 0.0, 2, 
262676, 70795, False, 168, 112, 50, 87, 9.15999984741211, 701.2999877929688, 6556.0, 1700.6407470703125, 0.41999998688697815, 0.0, 0.0, 2, 
262826, 70945, False, 168, 120, 50, 87, 9.144000053405762, 718.2999877929688, 6416.0, 1701.416259765625, 0.41999998688697815, 0.0, 0.0, 2, 
262976, 71095, False, 136, 96, 50, 98, 9.152000427246094, 718.2000122070312, 6318.0, 1702.1925048828125, 0.41999998688697815, 0.0, 0.0, 2, 
263126, 71245, False, 120, 80, 50, 103, 9.14799976348877, 693.5999755859375, 6348.0, 1702.95556640625, 0.41999998688697815, 0.0, 0.0, 2, 
263276, 71395, False, 120, 80, 50, 103, 9.163999557495117, 695.5999755859375, 6576.0, 1703.7381591796875, 0.41999998688697815, 0.0, 0.0, 2, 
263352, 71470, False, 120, 80, 50, 103, 9.15999984741211, 716.9000244140625, 6436.0, 1704.124267578125, 0.41999998688697815, 0.0, 0.0, 2, 
263576, 71695, False, 120, 88, 56, 103, 8.968000411987305, 1014.5999755859375, 9110.0, 1705.7864990234375, 0.41999998688697815, 0.0, 0.0, 2, 
263726, 71845, False, 120, 88, 56, 103, 8.979999542236328, 970.7999877929688, 8796.0, 1706.8310546875, 0.41999998688697815, 0.0, 0.0, 2, 
263876, 71995, False, 128, 88, 50, 100, 9.17199993133545, 650.7999877929688, 6164.0, 1707.559326171875, 0.41999998688697815, 0.0, 0.0, 2, 
263952, 72070, False, 128, 96, 56, 100, 8.972000122070312, 973.9000244140625, 8314.0, 1708.05810546875, 0.41999998688697815, 0.0, 0.0, 2, 
264176, 72295, False, 128, 96, 56, 100, 9.0, 982.2999877929688, 8494.0, 1709.5308837890625, 0.41999998688697815, 0.0, 0.0, 2, 
264326, 72445, False, 128, 96, 56, 100, 9.043999671936035, 855.2999877929688, 8094.0, 1710.5313720703125, 0.41999998688697815, 0.0, 0.0, 2, 
264476, 72595, False, 120, 88, 56, 103, 9.039999961853027, 915.9000244140625, 8376.0, 1711.500732421875, 0.41999998688697815, 0.0, 0.0, 2, 
264626, 72745, False, 104, 80, 56, 108, 9.003999710083008, 910.0, 8234.0, 1712.4600830078125, 0.41999998688697815, 0.0, 0.0, 2, 
264776, 72895, False, 136, 96, 50, 98, 9.15999984741211, 592.7999877929688, 6004.0, 1713.3206787109375, 0.41999998688697815, 0.0, 0.0, 2, 
264926, 73045, False, 152, 112, 50, 92, 9.131999969482422, 681.5, 6324.0, 1714.08251953125, 0.41999998688697815, 0.0, 0.0, 2, 
265076, 73195, False, 152, 104, 50, 92, 9.128000259399414, 679.0, 6322.0, 1714.8485107421875, 0.41999998688697815, 0.0, 0.0, 2, 
265226, 73345, False, 144, 104, 50, 95, 9.104000091552734, 748.7000122070312, 6544.0, 1715.6514892578125, 0.41999998688697815, 0.0, 0.0, 2, 
265376, 73495, False, 136, 96, 50, 98, 9.107999801635742, 747.0, 6642.0, 1716.4547119140625, 0.41999998688697815, 0.0, 0.0, 2, 
265452, 73570, False, 136, 88, 50, 98, 9.076000213623047, 727.7999877929688, 6908.0, 1716.869140625, 0.41999998688697815, 0.0, 0.0, 2, 
265676, 73795, False, 120, 72, 50, 103, 9.104000091552734, 711.0, 6502.0, 1718.059326171875, 0.41999998688697815, 0.0, 0.0, 2, 
265826, 73945, False, 104, 64, 50, 108, 9.107999801635742, 712.5, 6160.0, 1718.81982421875, 0.41999998688697815, 0.0, 0.0, 2, 
265976, 74095, False, 112, 56, 50, 106, 9.131999969482422, 697.2999877929688, 6246.0, 1719.57763671875, 0.41999998688697815, 0.0, 0.0, 2, 
266126, 74245, False, 192, 96, 50, 79, 9.104000091552734, 648.7999877929688, 6086.0, 1720.3182373046875, 0.41999998688697815, 0.0, 0.0, 2, 
266276, 74395, False, 296, 272, 56, 44, 8.932000160217285, 962.2999877929688, 8166.0, 1721.1817626953125, 0.41999998688697815, 0.0, 0.0, 2, 
266420, 74541, True, 296, 272, 56, 44, 9.03600025177002, 973.5999755859375, 7428.0, 1722.15869140625, 0.41999998688697815, 0.0, 0.0, 2, 
266564, 74685, True, 296, 272, 56, 44, 9.0, 981.7000122070312, 8460.0, 1723.17626953125, 0.41999998688697815, 0.0, 0.0, 2, 
266708, 74829, True, 296, 272, 56, 44, 8.947999954223633, 937.9000244140625, 8222.0, 1724.1474609375, 0.41999998688697815, 0.0, 0.0, 2, 
266852, 74973, True, 296, 272, 56, 44, 8.947999954223633, 963.0, 7998.0, 1725.10986328125, 0.41999998688697815, 0.0, 0.0, 2, 
266996, 75117, True, 296, 272, 56, 44, 8.996000289916992, 935.7999877929688, 8582.0, 1726.1221923828125, 0.41999998688697815, 0.0, 0.0, 2, 
267140, 75261, True, 296, 272, 56, 44, 8.956000328063965, 937.7000122070312, 8022.0, 1727.096923828125, 0.41999998688697815, 0.0, 0.0, 2, 
267284, 75405, True, 296, 272, 56, 44, 8.95199966430664, 964.0999755859375, 8062.0, 1728.086181640625, 0.41999998688697815, 0.0, 0.0, 2, 
267428, 75549, True, 296, 272, 56, 44, 8.944000244140625, 967.7999877929688, 7930.0, 1729.0645751953125, 0.41999998688697815, 0.0, 0.0, 2, 
267578, 75697, False, 304, 200, 50, 42, 9.12399959564209, 642.7000122070312, 5876.0, 1729.770263671875, 0.41999998688697815, 0.0, 0.0, 2, 
267728, 75847, False, 224, 96, 50, 68, 9.095999717712402, 704.7999877929688, 6176.0, 1730.508544921875, 0.41999998688697815, 0.0, 0.0, 2, 
267878, 75997, False, 136, 16, 50, 98, 9.083999633789062, 696.2000122070312, 6502.0, 1731.2626953125, 0.41999998688697815, 0.0, 0.0, 2, 
268028, 76147, False, 88, 16, 50, 114, 9.095999717712402, 687.0, 6432.0, 1732.026123046875, 0.41999998688697815, 0.0, 0.0, 2, 
268178, 76297, False, 104, 16, 50, 108, 9.079999923706055, 689.4000244140625, 6282.0, 1732.7769775390625, 0.41999998688697815, 0.0, 0.0, 2, 
268328, 76447, False, 152, 80, 50, 92, 9.064000129699707, 736.0, 6498.0, 1733.55322265625, 0.41999998688697815, 0.0, 0.0, 2, 
268478, 76597, False, 192, 128, 50, 79, 9.076000213623047, 690.7999877929688, 6374.0, 1734.3079833984375, 0.41999998688697815, 0.0, 0.0, 2, 
268628, 76747, False, 192, 144, 50, 79, 9.064000129699707, 680.0, 6210.0, 1735.058837890625, 0.41999998688697815, 0.0, 0.0, 2, 
268778, 76897, False, 136, 96, 50, 98, 9.064000129699707, 703.7000122070312, 6458.0, 1735.8248291015625, 0.41999998688697815, 0.0, 0.0, 2, 
268928, 77047, False, 88, 56, 56, 114, 8.868000030517578, 1029.300048828125, 9348.0, 1736.75537109375, 0.41999998688697815, 0.0, 0.0, 2, 
269152, 77271, False, 104, 64, 50, 108, 9.064000129699707, 700.0, 6400.0, 1737.8890380859375, 0.41999998688697815, 0.0, 0.0, 2, 
269302, 77421, False, 128, 96, 56, 100, 8.892000198364258, 997.7000122070312, 9140.0, 1738.81982421875, 0.41999998688697815, 0.0, 0.0, 2, 
269378, 77496, False, 152, 112, 50, 92, 9.067999839782715, 675.5, 6088.0, 1739.18505859375, 0.41999998688697815, 0.0, 0.0, 2, 
269528, 77647, False, 160, 120, 50, 90, 9.071999549865723, 671.5999755859375, 6042.0, 1740.0780029296875, 0.41999998688697815, 0.0, 0.0, 2, 
269678, 77797, False, 152, 128, 56, 92, 8.892000198364258, 989.9000244140625, 8352.0, 1741.1202392578125, 0.41999998688697815, 0.0, 0.0, 2, 
269902, 78021, False, 120, 96, 56, 103, 8.907999992370605, 817.2999877929688, 8346.0, 1742.6561279296875, 0.41999998688697815, 0.0, 0.0, 2, 
269978, 78096, False, 120, 88, 56, 103, 8.944000244140625, 974.5, 8252.0, 1743.1512451171875, 0.41999998688697815, 0.0, 0.0, 2, 
270128, 78247, False, 104, 72, 56, 108, 8.928000450134277, 879.0999755859375, 7592.0, 1744.104248046875, 0.41999998688697815, 0.0, 0.0, 2, 
270278, 78397, False, 104, 64, 50, 108, 9.092000007629395, 653.2000122070312, 5908.0, 1744.804931640625, 0.41999998688697815, 0.0, 0.0, 2, 
270428, 78547, False, 112, 64, 50, 106, 9.067999839782715, 651.0999755859375, 6138.0, 1745.5283203125, 0.41999998688697815, 0.0, 0.0, 2, 
270578, 78697, False, 120, 80, 50, 103, 9.055999755859375, 664.0999755859375, 6118.0, 1746.2662353515625, 0.41999998688697815, 0.0, 0.0, 2, 
270728, 78847, False, 136, 96, 50, 98, 9.0600004196167, 679.2999877929688, 6210.0, 1746.99365234375, 0.41999998688697815, 0.0, 0.0, 2, 
270878, 78997, False, 144, 104, 50, 95, 9.0600004196167, 676.9000244140625, 6118.0, 1747.878173828125, 0.41999998688697815, 0.0, 0.0, 2, 
271028, 79147, False, 144, 112, 56, 95, 8.883999824523926, 835.2999877929688, 8458.0, 1748.9146728515625, 0.41999998688697815, 0.0, 0.0, 2, 
271178, 79297, False, 136, 104, 56, 98, 8.960000038146973, 850.2000122070312, 8288.0, 1749.9248046875, 0.41999998688697815, 0.0, 0.0, 2, 
271328, 79447, False, 136, 96, 50, 98, 9.052000045776367, 668.4000244140625, 6022.0, 1750.74755859375, 0.41999998688697815, 0.0, 0.0, 2, 
271478, 79597, False, 184, 96, 50, 82, 9.0600004196167, 658.4000244140625, 5994.0, 1751.4677734375, 0.41999998688697815, 0.0, 0.0, 2, 
271628, 79747, False, 280, 144, 50, 50, 9.055999755859375, 670.7999877929688, 6030.0, 1752.22412109375, 0.41999998688697815, 0.0, 0.0, 2, 
271778, 79897, False, 304, 184, 50, 42, 9.04800033569336, 688.0, 5852.0, 1752.9527587890625, 0.41999998688697815, 0.0, 0.0, 2, 
271928, 80047, False, 304, 224, 50, 42, 9.031999588012695, 691.4000244140625, 6236.0, 1753.68017578125, 0.41999998688697815, 0.0, 0.0, 2, 
272078, 80197, False, 304, 232, 50, 42, 9.043999671936035, 681.4000244140625, 6240.0, 1754.4324951171875, 0.41999998688697815, 0.0, 0.0, 2, 
272228, 80347, False, 304, 216, 50, 42, 9.02400016784668, 698.0999755859375, 6430.0, 1755.1976318359375, 0.41999998688697815, 0.0, 0.0, 2, 
272378, 80497, False, 304, 168, 50, 42, 9.031999588012695, 716.2000122070312, 6168.0, 1755.9525146484375, 0.41999998688697815, 0.0, 0.0, 2, 
272528, 80647, False, 296, 120, 50, 44, 9.003999710083008, 716.4000244140625, 6402.0, 1756.7220458984375, 0.41999998688697815, 0.0, 0.0, 2, 
272678, 80797, False, 248, 56, 50, 60, 8.98799991607666, 736.0999755859375, 6594.0, 1757.509521484375, 0.41999998688697815, 0.0, 0.0, 2, 
272828, 80947, False, 216, 16, 50, 71, 9.008000373840332, 729.0, 6518.0, 1758.294189453125, 0.41999998688697815, 0.0, 0.0, 2, 
272978, 81097, False, 232, 72, 50, 66, 9.02400016784668, 724.0999755859375, 6482.0, 1759.077880859375, 0.41999998688697815, 0.0, 0.0, 2, 
273128, 81247, False, 288, 40, 50, 47, 8.996000289916992, 775.0, 6602.0, 1759.8533935546875, 0.41999998688697815, 0.0, 0.0, 2, 
273278, 81397, False, 280, 72, 50, 50, 8.996000289916992, 702.2000122070312, 6364.0, 1760.6158447265625, 0.41999998688697815, 0.0, 0.0, 2, 
273428, 81547, False, 208, 64, 50, 74, 8.991999626159668, 761.2999877929688, 6766.0, 1761.4224853515625, 0.41999998688697815, 0.0, 0.0, 2, 
273578, 81697, False, 136, 24, 50, 98, 8.98799991607666, 711.7000122070312, 6544.0, 1762.1986083984375, 0.41999998688697815, 0.0, 0.0, 2, 
273728, 81847, False, 104, 56, 50, 108, 8.984000205993652, 746.5, 6366.0, 1762.9747314453125, 0.41999998688697815, 0.0, 0.0, 2, 
273878, 81997, False, 120, 40, 50, 103, 8.996000289916992, 721.9000244140625, 6446.0, 1763.7513427734375, 0.41999998688697815, 0.0, 0.0, 2, 
274028, 82147, False, 144, 80, 50, 95, 8.98799991607666, 731.9000244140625, 6448.0, 1764.5133056640625, 0.41999998688697815, 0.0, 0.0, 2, 
274178, 82297, False, 160, 112, 50, 90, 9.0, 708.0999755859375, 6304.0, 1765.280517578125, 0.41999998688697815, 0.0, 0.0, 2, 
274328, 82447, False, 168, 120, 50, 87, 8.991999626159668, 716.0999755859375, 6344.0, 1766.0362548828125, 0.41999998688697815, 0.0, 0.0, 2, 
274478, 82597, False, 152, 112, 50, 92, 8.996000289916992, 692.5, 6164.0, 1766.7799072265625, 0.41999998688697815, 0.0, 0.0, 2, 
274628, 82747, False, 136, 96, 50, 98, 9.003999710083008, 684.7000122070312, 6416.0, 1767.547119140625, 0.41999998688697815, 0.0, 0.0, 2, 
274778, 82897, False, 112, 72, 50, 106, 9.003999710083008, 711.5999755859375, 6216.0, 1768.28564453125, 0.41999998688697815, 0.0, 0.0, 2, 
274928, 83047, False, 104, 64, 50, 108, 8.97599983215332, 694.7000122070312, 6430.0, 1769.040283203125, 0.41999998688697815, 0.0, 0.0, 2, 
275078, 83197, False, 104, 64, 50, 108, 8.991999626159668, 691.2999877929688, 6266.0, 1769.7919921875, 0.41999998688697815, 0.0, 0.0, 2, 
275228, 83347, False, 112, 72, 50, 106, 8.98799991607666, 688.0999755859375, 6122.0, 1770.5396728515625, 0.41999998688697815, 0.0, 0.0, 2, 
275378, 83497, False, 120, 80, 50, 103, 8.98799991607666, 688.5, 6158.0, 1771.296630859375, 0.41999998688697815, 0.0, 0.0, 2, 
275528, 83647, False, 128, 88, 50, 100, 8.98799991607666, 685.0, 6266.0, 1772.056396484375, 0.41999998688697815, 0.0, 0.0, 2, 
275678, 83797, False, 128, 96, 56, 100, 8.815999984741211, 1040.0, 8904.0, 1772.9696044921875, 0.41999998688697815, 0.0, 0.0, 2, 
275828, 83947, False, 136, 96, 50, 98, 8.996000289916992, 682.9000244140625, 6032.0, 1773.8505859375, 0.41999998688697815, 0.0, 0.0, 2, 
275978, 84097, False, 128, 96, 56, 100, 8.812000274658203, 1004.0, 8952.0, 1774.7510986328125, 0.41999998688697815, 0.0, 0.0, 2, 
276128, 84247, False, 120, 96, 56, 103, 8.815999984741211, 980.0999755859375, 8412.0, 1775.741455078125, 0.41999998688697815, 0.0, 0.0, 2, 
276278, 84397, False, 112, 88, 56, 106, 8.892000198364258, 971.7000122070312, 7314.0, 1776.683837890625, 0.41999998688697815, 0.0, 0.0, 2, 
276428, 84547, False, 144, 104, 50, 95, 8.996000289916992, 651.0999755859375, 5986.0, 1777.55908203125, 0.41999998688697815, 0.0, 0.0, 2, 
276578, 84697, False, 152, 112, 50, 92, 8.97599983215332, 676.4000244140625, 6118.0, 1778.2816162109375, 0.41999998688697815, 0.0, 0.0, 2, 
276728, 84847, False, 144, 104, 50, 95, 8.956000328063965, 728.2999877929688, 6462.0, 1779.0489501953125, 0.41999998688697815, 0.0, 0.0, 2, 
276878, 84997, False, 144, 96, 50, 95, 8.944000244140625, 742.5999755859375, 6502.0, 1779.8328857421875, 0.41999998688697815, 0.0, 0.0, 2, 
277028, 85147, False, 136, 96, 50, 98, 8.95199966430664, 753.2000122070312, 6504.0, 1780.6124267578125, 0.41999998688697815, 0.0, 0.0, 2, 
277178, 85297, False, 136, 88, 50, 98, 8.9399995803833, 744.7999877929688, 6750.0, 1781.405517578125, 0.41999998688697815, 0.0, 0.0, 2, 
277328, 85447, False, 128, 80, 50, 100, 8.932000160217285, 720.7000122070312, 6556.0, 1782.1878662109375, 0.41999998688697815, 0.0, 0.0, 2, 
277478, 85597, False, 128, 80, 50, 100, 8.944000244140625, 736.0, 6524.0, 1782.9775390625, 0.41999998688697815, 0.0, 0.0, 2, 
277628, 85747, False, 120, 72, 50, 103, 8.935999870300293, 726.5999755859375, 6498.0, 1783.7659912109375, 0.41999998688697815, 0.0, 0.0, 2, 
277778, 85897, False, 112, 64, 50, 106, 8.95199966430664, 689.2999877929688, 6150.0, 1784.52294921875, 0.41999998688697815, 0.0, 0.0, 2, 
277928, 86047, False, 104, 80, 56, 108, 8.763999938964844, 1001.4000244140625, 8336.0, 1785.3935546875, 0.41999998688697815, 0.0, 0.0, 2, 
278078, 86197, False, 136, 56, 50, 98, 8.96399974822998, 682.9000244140625, 6150.0, 1786.1251220703125, 0.41999998688697815, 0.0, 0.0, 2, 
278228, 86347, False, 304, 200, 50, 42, 8.95199966430664, 719.7999877929688, 6220.0, 1786.95166015625, 0.41999998688697815, 0.0, 0.0, 2, 
278372, 86493, True, 304, 200, 50, 42, 8.960000038146973, 668.0, 6014.0, 1787.6866455078125, 0.41999998688697815, 0.0, 0.0, 2, 
278516, 86637, True, 304, 200, 50, 42, 8.9399995803833, 672.9000244140625, 6184.0, 1788.4132080078125, 0.41999998688697815, 0.0, 0.0, 2, 
278730, 86851, True, 304, 200, 50, 42, 8.9399995803833, 698.0999755859375, 6062.0, 1789.5213623046875, 0.41999998688697815, 0.0, 0.0, 2, 
278874, 86995, True, 304, 200, 50, 42, 8.944000244140625, 681.0999755859375, 6094.0, 1790.2723388671875, 0.41999998688697815, 0.0, 0.0, 2, 
279018, 87139, True, 304, 200, 50, 42, 8.944000244140625, 704.2999877929688, 6170.0, 1791.018310546875, 0.41999998688697815, 0.0, 0.0, 2, 
279162, 87283, True, 304, 200, 50, 42, 8.932000160217285, 713.0999755859375, 6328.0, 1791.777587890625, 0.41999998688697815, 0.0, 0.0, 2, 
279310, 87429, False, 304, 248, 50, 42, 8.932000160217285, 733.0, 6476.0, 1792.5438232421875, 0.41999998688697815, 0.0, 0.0, 2, 
279460, 87579, False, 272, 160, 50, 52, 8.916000366210938, 725.2999877929688, 6344.0, 1793.2999267578125, 0.41999998688697815, 0.0, 0.0, 2, 
279610, 87729, False, 192, 64, 50, 79, 8.911999702453613, 728.9000244140625, 6396.0, 1794.0693359375, 0.41999998688697815, 0.0, 0.0, 2, 
279760, 87879, False, 160, 16, 50, 90, 8.920000076293945, 714.5, 6436.0, 1794.842529296875, 0.41999998688697815, 0.0, 0.0, 2, 
279910, 88029, False, 200, 24, 50, 76, 8.928000450134277, 733.2999877929688, 6400.0, 1795.6136474609375, 0.41999998688697815, 0.0, 0.0, 2, 
280060, 88179, False, 248, 80, 50, 60, 8.904000282287598, 699.7999877929688, 6452.0, 1796.46826171875, 0.41999998688697815, 0.0, 0.0, 2, 
280210, 88329, False, 224, 104, 50, 68, 8.911999702453613, 721.2000122070312, 6456.0, 1797.23193359375, 0.41999998688697815, 0.0, 0.0, 2, 
280360, 88479, False, 160, 64, 50, 90, 8.928000450134277, 717.2000122070312, 6412.0, 1798.01123046875, 0.41999998688697815, 0.0, 0.0, 2, 
280510, 88629, False, 104, 32, 50, 108, 8.907999992370605, 713.4000244140625, 6330.0, 1798.7796630859375, 0.41999998688697815, 0.0, 0.0, 2, 
280660, 88779, False, 96, 32, 50, 111, 8.916000366210938, 692.7999877929688, 6348.0, 1799.5411376953125, 0.41999998688697815, 0.0, 0.0, 2, 
280810, 88929, False, 112, 56, 50, 106, 8.916000366210938, 707.0, 6248.0, 1800.2921142578125, 0.41999998688697815, 0.0, 0.0, 2, 
280960, 89079, False, 144, 88, 50, 95, 8.920000076293945, 699.2000122070312, 6272.0, 1801.04931640625, 0.41999998688697815, 0.0, 0.0, 2, 
281110, 89229, False, 160, 112, 50, 90, 8.923999786376953, 710.5, 6026.0, 1801.7908935546875, 0.41999998688697815, 0.0, 0.0, 2, 
281260, 89379, False, 152, 112, 50, 92, 8.904000282287598, 719.2999877929688, 6294.0, 1802.52734375, 0.41999998688697815, 0.0, 0.0, 2, 
281410, 89529, False, 144, 104, 50, 95, 8.899999618530273, 701.7000122070312, 6196.0, 1803.2716064453125, 0.41999998688697815, 0.0, 0.0, 2, 
281560, 89679, False, 128, 88, 50, 100, 8.916000366210938, 685.2999877929688, 6102.0, 1804.12744140625, 0.41999998688697815, 0.0, 0.0, 2, 
281710, 89829, False, 112, 80, 56, 106, 8.803999900817871, 903.7000122070312, 7622.0, 1804.9437255859375, 0.41999998688697815, 0.0, 0.0, 2, 
281860, 89979, False, 112, 72, 50, 106, 8.920000076293945, 690.4000244140625, 5918.0, 1805.652587890625, 0.41999998688697815, 0.0, 0.0, 2, 
